ply
format ascii 1.0
element vertex 4598
property float x
property float y
property float z
property float intensity
end_header
-1.005197 0.042289 -0.097999 1.000000
-1.030388 0.004573 -0.109999 1.000000
-1.020860 -0.108382 -0.109999 1.000000
-0.999577 -0.219722 -0.109999 1.000000
-0.868159 -0.532024 -0.109999 1.000000
-0.779732 -0.654532 -0.109999 1.000000
-0.646666 -0.788430 -0.109999 1.000000
-0.617363 -0.812310 -0.109999 1.000000
-0.524710 -0.877617 -0.109999 1.000000
-0.425738 -0.932882 -0.109999 1.000000
-0.285829 -0.989916 -0.109999 1.000000
-0.170094 -0.990248 -0.095999 1.000000
-0.064522 -1.037676 -0.109999 1.000000
0.048659 -1.043961 -0.109999 1.000000
0.161878 -1.038381 -0.109999 1.000000
0.310751 -1.012608 -0.109999 1.000000
0.419257 -0.979803 -0.109999 1.000000
0.557473 -0.918780 -0.109999 1.000000
0.654819 -0.860700 -0.109999 1.000000
0.745561 -0.792763 -0.109999 1.000000
0.790350 -0.678443 -0.085061 1.000000
0.792261 -0.543052 -0.044108 1.000000
0.844666 0.530870 -0.039999 1.000000
0.809387 0.670491 -0.064825 1.000000
0.833387 0.788862 -0.109999 1.000000
0.750725 0.866428 -0.109999 1.000000
0.628769 0.955615 -0.109999 1.000000
0.529797 1.010880 -0.109999 1.000000
0.389888 1.067914 -0.109999 1.000000
0.280486 1.097593 -0.109999 1.000000
0.168582 1.115674 -0.109999 1.000000
0.017603 1.121417 -0.109999 1.000000
-0.057819 1.116379 -0.109999 1.000000
-0.206692 1.090606 -0.109999 1.000000
-0.315197 1.057801 -0.109999 1.000000
-0.453414 0.996778 -0.109999 1.000000
-0.550760 0.938698 -0.109999 1.000000
-0.641502 0.870761 -0.109999 1.000000
-0.775400 0.737694 -0.109999 1.000000
-0.864587 0.615739 -0.109999 1.000000
-0.997947 0.304261 -0.109999 1.000000
-1.006565 0.267456 -0.109999 1.000000
-1.024646 0.155551 -0.109999 1.000000
-1.127833 -0.081298 -0.109999 1.000000
-1.108795 -0.203968 -0.109999 1.000000
-1.077039 -0.323977 -0.109999 1.000000
-1.032912 -0.440008 -0.109999 1.000000
-0.955689 -0.586341 -0.109999 1.000000
-0.884803 -0.688251 -0.109999 1.000000
-0.774472 -0.811555 -0.109999 1.000000
-0.614218 -0.942153 -0.109999 1.000000
-0.544154 -0.986238 -0.109999 1.000000
-0.433721 -1.042940 -0.109999 1.000000
-0.395666 -1.059234 -0.109999 1.000000
-0.278417 -1.100014 -0.109999 1.000000
-0.191222 -1.088151 -0.095999 1.000000
0.172327 -1.140863 -0.109999 1.000000
0.294997 -1.121825 -0.109999 1.000000
0.415005 -1.090069 -0.109999 1.000000
0.531037 -1.045943 -0.109999 1.000000
0.677370 -0.968719 -0.109999 1.000000
0.779279 -0.897833 -0.109999 1.000000
0.897179 -0.534897 -0.039999 1.000000
1.055836 -0.592601 -0.109999 1.000000
0.352195 -0.121802 0.250000 1.000000
0.353190 0.197928 0.250000 1.000000
1.080958 0.628789 -0.109999 1.000000
0.900735 0.607623 -0.039999 1.000000
0.907711 0.860190 -0.109999 1.000000
0.878531 0.889553 -0.109999 1.000000
0.718277 1.020151 -0.109999 1.000000
0.648213 1.064237 -0.109999 1.000000
0.537780 1.120938 -0.109999 1.000000
0.499725 1.137232 -0.109999 1.000000
0.382476 1.178012 -0.109999 1.000000
0.261607 1.206314 -0.109999 1.000000
-0.068268 1.218861 -0.109999 1.000000
-0.190938 1.199823 -0.109999 1.000000
-0.310946 1.168067 -0.109999 1.000000
-0.426977 1.123941 -0.109999 1.000000
-0.573310 1.046717 -0.109999 1.000000
-0.675220 0.975831 -0.109999 1.000000
-0.798524 0.865500 -0.109999 1.000000
-0.929123 0.705247 -0.109999 1.000000
-0.973208 0.635182 -0.109999 1.000000
-1.029910 0.524750 -0.109999 1.000000
-1.046203 0.486695 -0.109999 1.000000
-1.086984 0.369446 -0.109999 1.000000
-1.115285 0.248576 -0.109999 1.000000
-1.223666 0.042969 -0.097999 1.000000
-1.247984 -0.093549 -0.109999 1.000000
-1.227007 -0.228711 -0.109999 1.000000
-1.205217 -0.317280 -0.109999 1.000000
-1.161089 -0.446746 -0.109999 1.000000
-1.103669 -0.570891 -0.109999 1.000000
-1.033587 -0.688353 -0.109999 1.000000
-1.007541 -0.725797 -0.109999 1.000000
-0.921794 -0.832363 -0.109999 1.000000
-0.890791 -0.865818 -0.109999 1.000000
-0.825377 -0.929382 -0.109999 1.000000
-0.791047 -0.959413 -0.109999 1.000000
-0.682066 -1.042069 -0.109999 1.000000
-0.441257 -1.171072 -0.109999 1.000000
-0.398726 -1.187551 -0.109999 1.000000
-0.268047 -1.227948 -0.109999 1.000000
-0.172488 -1.211532 -0.095999 1.000000
-0.043181 -1.264281 -0.109999 1.000000
0.047963 -1.267748 -0.109999 1.000000
0.184577 -1.261015 -0.109999 1.000000
0.319740 -1.240038 -0.109999 1.000000
0.408309 -1.218248 -0.109999 1.000000
0.537775 -1.174119 -0.109999 1.000000
0.661919 -1.116699 -0.109999 1.000000
0.779382 -1.046617 -0.109999 1.000000
0.816826 -1.020572 -0.109999 1.000000
0.923392 -0.934824 -0.109999 1.000000
1.020411 -0.838408 -0.109999 1.000000
1.130177 -0.693113 -0.108635 1.000000
1.130929 -0.639850 -0.097612 1.000000
1.132342 -0.539733 -0.078623 1.000000
1.148676 0.617726 -0.084196 1.000000
1.137646 0.766351 -0.109999 1.000000
1.111601 0.803796 -0.109999 1.000000
1.025853 0.910361 -0.109999 1.000000
0.994850 0.943816 -0.109999 1.000000
0.929436 1.007380 -0.109999 1.000000
0.895106 1.037411 -0.109999 1.000000
0.786125 1.120067 -0.109999 1.000000
0.545316 1.249070 -0.109999 1.000000
0.372106 1.305946 -0.109999 1.000000
0.282949 1.325187 -0.109999 1.000000
0.147241 1.342279 -0.109999 1.000000
0.010489 1.345092 -0.109999 1.000000
-0.080518 1.339013 -0.109999 1.000000
-0.215680 1.318036 -0.109999 1.000000
-0.304249 1.296246 -0.109999 1.000000
-0.433716 1.252117 -0.109999 1.000000
-0.557860 1.194697 -0.109999 1.000000
-0.675323 1.124616 -0.109999 1.000000
-0.712767 1.098570 -0.109999 1.000000
-0.819333 1.012823 -0.109999 1.000000
-0.852788 0.981819 -0.109999 1.000000
-0.916351 0.916406 -0.109999 1.000000
-0.946383 0.882075 -0.109999 1.000000
-1.029039 0.773094 -0.109999 1.000000
-1.158042 0.532286 -0.109999 1.000000
-1.174520 0.489754 -0.109999 1.000000
-1.214918 0.359076 -0.109999 1.000000
-1.234159 0.269918 -0.109999 1.000000
-1.251251 0.134210 -0.109999 1.000000
-1.364166 0.043406 -0.097999 1.000000
-1.397911 -0.007117 -0.109999 1.000000
-1.391163 -0.108147 -0.109999 1.000000
-1.377383 -0.208461 -0.109999 1.000000
-1.343686 -0.356519 -0.109999 1.000000
-1.312696 -0.452916 -0.109999 1.000000
-1.253801 -0.592874 -0.109999 1.000000
-1.206542 -0.682425 -0.109999 1.000000
-1.124238 -0.810029 -0.109999 1.000000
-1.029047 -0.928332 -0.109999 1.000000
-0.883900 -1.069374 -0.109999 1.000000
-0.762916 -1.161134 -0.109999 1.000000
-0.633004 -1.239744 -0.109999 1.000000
-0.542134 -1.284415 -0.109999 1.000000
-0.400545 -1.339272 -0.109999 1.000000
-0.303299 -1.367485 -0.109999 1.000000
-0.148614 -1.357114 -0.095999 1.000000
-0.104096 -1.403249 -0.109999 1.000000
-0.053668 -1.407819 -0.109999 1.000000
0.047515 -1.411668 -0.109999 1.000000
0.199176 -1.404193 -0.109999 1.000000
0.249453 -1.398179 -0.109999 1.000000
0.447548 -1.356716 -0.109999 1.000000
0.543945 -1.325726 -0.109999 1.000000
0.683902 -1.266831 -0.109999 1.000000
0.773453 -1.219573 -0.109999 1.000000
0.901058 -1.137269 -0.109999 1.000000
1.019360 -1.042078 -0.109999 1.000000
1.160403 -0.896930 -0.109999 1.000000
1.257212 0.846459 -0.109999 1.000000
1.133106 1.006330 -0.109999 1.000000
0.987959 1.147372 -0.109999 1.000000
0.866975 1.239132 -0.109999 1.000000
0.737063 1.317743 -0.109999 1.000000
0.646193 1.362413 -0.109999 1.000000
0.504604 1.417270 -0.109999 1.000000
0.407358 1.445483 -0.109999 1.000000
0.258394 1.474920 -0.109999 1.000000
0.157727 1.485817 -0.109999 1.000000
0.005914 1.488940 -0.109999 1.000000
-0.091037 1.442181 -0.095999 1.000000
-0.195430 1.468411 -0.109999 1.000000
-0.343489 1.434714 -0.109999 1.000000
-0.439885 1.403724 -0.109999 1.000000
-0.579843 1.344829 -0.109999 1.000000
-0.669394 1.297571 -0.109999 1.000000
-0.796999 1.215267 -0.109999 1.000000
-0.915301 1.120076 -0.109999 1.000000
-1.056344 0.974928 -0.109999 1.000000
-1.148103 0.853945 -0.109999 1.000000
-1.226714 0.724032 -0.109999 1.000000
-1.271385 0.633163 -0.109999 1.000000
-1.326242 0.491574 -0.109999 1.000000
-1.354454 0.394328 -0.109999 1.000000
-1.383891 0.245364 -0.109999 1.000000
-1.390219 0.195125 -0.109999 1.000000
-1.534878 0.043938 -0.097999 1.000000
-1.565128 -0.125884 -0.109999 1.000000
-1.549687 -0.238290 -0.109999 1.000000
-1.526443 -0.349345 -0.109999 1.000000
-1.495508 -0.458507 -0.109999 1.000000
-1.457034 -0.565246 -0.109999 1.000000
-1.385607 -0.719676 -0.109999 1.000000
-1.329182 -0.818113 -0.109999 1.000000
-1.266029 -0.912373 -0.109999 1.000000
-1.159363 -1.044936 -0.109999 1.000000
-1.039425 -1.165623 -0.109999 1.000000
-0.996719 -1.202980 -0.109999 1.000000
-0.861152 -1.305801 -0.109999 1.000000
-0.765119 -1.366225 -0.109999 1.000000
-0.665105 -1.419804 -0.109999 1.000000
-0.508690 -1.486773 -0.109999 1.000000
-0.400891 -1.522170 -0.109999 1.000000
-0.290886 -1.549961 -0.109999 1.000000
-0.172800 -1.525405 -0.095999 1.000000
-0.066409 -1.582222 -0.109999 1.000000
0.046971 -1.586535 -0.109999 1.000000
0.216913 -1.578159 -0.109999 1.000000
0.329319 -1.562718 -0.109999 1.000000
0.440373 -1.539473 -0.109999 1.000000
0.549536 -1.508539 -0.109999 1.000000
0.656275 -1.470065 -0.109999 1.000000
0.810705 -1.398637 -0.109999 1.000000
0.909141 -1.342213 -0.109999 1.000000
1.003402 -1.279059 -0.109999 1.000000
1.135965 -1.172393 -0.109999 1.000000
1.256652 -1.052455 -0.109999 1.000000
1.364141 -0.920559 -0.109999 1.000000
1.151162 -0.600155 0.000001 1.000000
1.172799 -0.561406 0.000001 1.000000
1.176514 0.632417 0.000001 1.000000
1.402487 0.943792 -0.109999 1.000000
1.370088 0.990371 -0.109999 1.000000
1.336082 1.035791 -0.109999 1.000000
1.263422 1.122934 -0.109999 1.000000
1.143484 1.243621 -0.109999 1.000000
1.011587 1.351110 -0.109999 1.000000
0.965211 1.383799 -0.109999 1.000000
0.869178 1.444223 -0.109999 1.000000
0.769164 1.497802 -0.109999 1.000000
0.600930 1.532611 -0.099355 1.000000
0.485822 1.534235 -0.088671 1.000000
0.447531 1.604497 -0.106626 1.000000
0.394945 1.627959 -0.109999 1.000000
0.283270 1.648009 -0.109999 1.000000
0.170468 1.660220 -0.109999 1.000000
0.000355 1.663719 -0.109999 1.000000
-0.108283 1.611324 -0.095999 1.000000
-0.225259 1.640716 -0.109999 1.000000
-0.336314 1.617472 -0.109999 1.000000
-0.445477 1.586537 -0.109999 1.000000
-0.552216 1.548063 -0.109999 1.000000
-0.706646 1.476635 -0.109999 1.000000
-0.805082 1.420211 -0.109999 1.000000
-0.899343 1.357057 -0.109999 1.000000
-0.944763 1.323052 -0.109999 1.000000
-1.031905 1.250391 -0.109999 1.000000
-1.152593 1.130453 -0.109999 1.000000
-1.189950 1.087748 -0.109999 1.000000
-1.260082 0.998557 -0.109999 1.000000
-1.353195 0.856147 -0.109999 1.000000
-1.406773 0.756133 -0.109999 1.000000
-1.473743 0.599718 -0.109999 1.000000
-1.509140 0.491920 -0.109999 1.000000
-1.536931 0.381915 -0.109999 1.000000
-1.556981 0.270239 -0.109999 1.000000
-1.569192 0.157437 -0.109999 1.000000
-1.747262 0.044599 -0.097999 1.000000
-1.790136 -0.019591 -0.109999 1.000000
-1.773920 -0.211829 -0.109999 1.000000
-1.751975 -0.338590 -0.109999 1.000000
-1.634905 -0.376029 -0.080994 1.000000
-1.622362 -0.499288 -0.086899 1.000000
-1.623287 -0.564869 -0.092937 1.000000
-1.625216 -0.701513 -0.107353 1.000000
-1.578013 -0.821214 -0.109999 1.000000
-1.514037 -0.932824 -0.109999 1.000000
-1.479167 -0.986887 -0.109999 1.000000
-1.442431 -1.039700 -0.109999 1.000000
-1.363545 -1.141321 -0.109999 1.000000
-1.232413 -1.282823 -0.109999 1.000000
-1.137078 -1.369201 -0.109999 1.000000
-1.087209 -1.409843 -0.109999 1.000000
-0.983367 -1.485783 -0.109999 1.000000
-0.929523 -1.520989 -0.109999 1.000000
-0.874482 -1.554294 -0.109999 1.000000
-0.761082 -1.615043 -0.109999 1.000000
-0.643722 -1.667734 -0.109999 1.000000
-0.522971 -1.712109 -0.109999 1.000000
-0.399419 -1.747954 -0.109999 1.000000
-0.273668 -1.775092 -0.109999 1.000000
-0.202890 -1.734777 -0.095999 1.000000
-0.140831 -1.742593 -0.095999 1.000000
-0.082260 -1.799199 -0.109999 1.000000
-0.018026 -1.802766 -0.109999 1.000000
0.046294 -1.804089 -0.109999 1.000000
0.174875 -1.799999 -0.109999 1.000000
0.302858 -1.786950 -0.109999 1.000000
0.429618 -1.765005 -0.109999 1.000000
0.554540 -1.734272 -0.109999 1.000000
0.677013 -1.694899 -0.109999 1.000000
0.796441 -1.647078 -0.109999 1.000000
0.854831 -1.620072 -0.109999 1.000000
0.912242 -1.591044 -0.109999 1.000000
1.023853 -1.527068 -0.109999 1.000000
1.077916 -1.492197 -0.109999 1.000000
1.130729 -1.455462 -0.109999 1.000000
1.232350 -1.376575 -0.109999 1.000000
1.373851 -1.245443 -0.109999 1.000000
1.460230 -1.150109 -0.109999 1.000000
1.500871 -1.100239 -0.109999 1.000000
1.576811 -0.996398 -0.109999 1.000000
1.612017 -0.942553 -0.109999 1.000000
1.645322 -0.887512 -0.109999 1.000000
1.682072 0.899212 -0.109999 1.000000
1.618096 1.010822 -0.109999 1.000000
1.583226 1.064885 -0.109999 1.000000
1.546490 1.117698 -0.109999 1.000000
1.467604 1.219319 -0.109999 1.000000
1.336472 1.360821 -0.109999 1.000000
1.241138 1.447199 -0.109999 1.000000
1.191268 1.487841 -0.109999 1.000000
1.061844 1.526106 -0.097521 1.000000
0.988377 1.527143 -0.086742 1.000000
0.850284 1.529092 -0.068172 1.000000
0.440840 1.840618 -0.109999 1.000000
0.377727 1.853090 -0.109999 1.000000
0.250389 1.871391 -0.109999 1.000000
0.122085 1.880764 -0.109999 1.000000
-0.006561 1.881164 -0.109999 1.000000
-0.129738 1.821757 -0.095999 1.000000
-0.198798 1.864948 -0.109999 1.000000
-0.325559 1.843004 -0.109999 1.000000
-0.450480 1.812270 -0.109999 1.000000
-0.572954 1.772897 -0.109999 1.000000
-0.692382 1.725077 -0.109999 1.000000
-0.750771 1.698070 -0.109999 1.000000
-0.808183 1.669042 -0.109999 1.000000
-0.919794 1.605066 -0.109999 1.000000
-0.973857 1.570196 -0.109999 1.000000
-1.026670 1.533460 -0.109999 1.000000
-1.128290 1.454573 -0.109999 1.000000
-1.269792 1.323442 -0.109999 1.000000
-1.356171 1.228107 -0.109999 1.000000
-1.396812 1.178237 -0.109999 1.000000
-1.472752 1.074396 -0.109999 1.000000
-1.507958 1.020551 -0.109999 1.000000
-1.541263 0.965511 -0.109999 1.000000
-1.602012 0.852111 -0.109999 1.000000
-1.605231 0.714583 -0.095361 1.000000
-1.607077 0.583790 -0.083467 1.000000
-1.734923 0.490448 -0.109999 1.000000
-1.762062 0.364697 -0.109999 1.000000
-1.780362 0.237359 -0.109999 1.000000
-1.789735 0.109054 -0.109999 1.000000
-2.019406 0.045446 -0.097999 1.000000
-2.065119 -0.102427 -0.109999 1.000000
-2.050096 -0.249767 -0.109999 1.000000
-2.038738 -0.322954 -0.109999 1.000000
-1.912155 -0.372116 -0.082601 1.000000
-1.857977 -0.885226 -0.109999 1.000000
-1.824559 -0.951322 -0.109999 1.000000
-1.750906 -1.079814 -0.109999 1.000000
-1.668470 -1.202855 -0.109999 1.000000
-1.577652 -1.319846 -0.109999 1.000000
-1.478894 -1.430216 -0.109999 1.000000
-1.372677 -1.533429 -0.109999 1.000000
-1.259519 -1.628981 -0.109999 1.000000
-1.139972 -1.716407 -0.109999 1.000000
-1.014618 -1.795281 -0.109999 1.000000
-0.884066 -1.865218 -0.109999 1.000000
-0.748955 -1.925878 -0.109999 1.000000
-0.609941 -1.976966 -0.109999 1.000000
-0.539181 -1.998840 -0.109999 1.000000
-0.467701 -2.018232 -0.109999 1.000000
-0.395588 -2.035117 -0.109999 1.000000
-0.249815 -2.061289 -0.109999 1.000000
-0.170001 -2.012061 -0.095999 1.000000
-0.028622 -2.081334 -0.109999 1.000000
0.045426 -2.082857 -0.109999 1.000000
0.193455 -2.078149 -0.109999 1.000000
0.340796 -2.063127 -0.109999 1.000000
0.413983 -2.051768 -0.109999 1.000000
0.558946 -2.021427 -0.109999 1.000000
0.630545 -2.002481 -0.109999 1.000000
0.701439 -1.981047 -0.109999 1.000000
0.909034 -1.902099 -0.109999 1.000000
0.976255 -1.871008 -0.109999 1.000000
1.042350 -1.837589 -0.109999 1.000000
1.170842 -1.763937 -0.109999 1.000000
1.293883 -1.681500 -0.109999 1.000000
1.353171 -1.637112 -0.109999 1.000000
1.410874 -1.590682 -0.109999 1.000000
1.521245 -1.491924 -0.109999 1.000000
1.624458 -1.385707 -0.109999 1.000000
1.720010 -1.272550 -0.109999 1.000000
1.807436 -1.153003 -0.109999 1.000000
1.886309 -1.027648 -0.109999 1.000000
1.928618 1.029320 -0.109999 1.000000
1.854965 1.157811 -0.109999 1.000000
1.772529 1.280853 -0.109999 1.000000
1.728141 1.340141 -0.109999 1.000000
1.681711 1.397843 -0.109999 1.000000
1.582953 1.508214 -0.109999 1.000000
1.491196 1.520047 -0.096492 1.000000
1.304872 1.522677 -0.067164 1.000000
0.895280 1.613085 -0.029999 1.000000
0.726124 1.692606 -0.029999 1.000000
0.609132 1.735600 -0.029999 1.000000
0.489426 1.770329 -0.029999 1.000000
0.426989 2.127473 -0.109999 1.000000
0.353874 2.139287 -0.109999 1.000000
0.280391 2.148542 -0.109999 1.000000
0.132681 2.159333 -0.109999 1.000000
-0.015423 2.159793 -0.109999 1.000000
-0.085475 2.097454 -0.095999 1.000000
-0.236736 2.141125 -0.109999 1.000000
-0.309924 2.129767 -0.109999 1.000000
-0.454887 2.099425 -0.109999 1.000000
-0.526486 2.080479 -0.109999 1.000000
-0.667483 2.035151 -0.109999 1.000000
-0.804975 1.980097 -0.109999 1.000000
-0.938291 1.915587 -0.109999 1.000000
-1.066783 1.841935 -0.109999 1.000000
-1.189824 1.759499 -0.109999 1.000000
-1.249112 1.715110 -0.109999 1.000000
-1.306815 1.668680 -0.109999 1.000000
-1.417186 1.569922 -0.109999 1.000000
-1.520399 1.463706 -0.109999 1.000000
-1.615951 1.350548 -0.109999 1.000000
-1.660707 1.291538 -0.109999 1.000000
-1.703377 1.231001 -0.109999 1.000000
-1.782250 1.105646 -0.109999 1.000000
-2.022087 0.486617 -0.109999 1.000000
-2.048258 0.340844 -0.109999 1.000000
-2.057513 0.267361 -0.109999 1.000000
-2.068304 0.119650 -0.109999 1.000000
-2.381625 0.046573 -0.097999 1.000000
-2.435331 -0.127157 -0.109999 1.000000
-2.428017 -0.213863 -0.109999 1.000000
-2.404337 -0.386247 -0.109999 1.000000
-1.634905 -0.376029 0.043079 1.000000
-1.621458 -0.435234 0.042644 1.000000
-1.623287 -0.564869 0.034249 1.000000
-1.625216 -0.701513 0.023590 1.000000
-2.191968 -1.046840 -0.109999 1.000000
-2.110758 -1.200728 -0.109999 1.000000
-2.066174 -1.275453 -0.109999 1.000000
-1.969323 -1.420010 -0.109999 1.000000
-1.862624 -1.557458 -0.109999 1.000000
-1.746596 -1.687129 -0.109999 1.000000
-1.621806 -1.808390 -0.109999 1.000000
-1.488862 -1.920650 -0.109999 1.000000
-1.348410 -2.023364 -0.109999 1.000000
-1.201135 -2.116030 -0.109999 1.000000
-1.125163 -2.158452 -0.109999 1.000000
-0.969009 -2.235216 -0.109999 1.000000
-0.889018 -2.269464 -0.109999 1.000000
-0.725695 -2.329485 -0.109999 1.000000
-0.642562 -2.355184 -0.109999 1.000000
-0.558583 -2.377967 -0.109999 1.000000
-0.473861 -2.397804 -0.109999 1.000000
-0.388497 -2.414673 -0.109999 1.000000
-0.129605 -2.447279 -0.109999 1.000000
-0.042725 -2.452104 -0.109999 1.000000
0.044271 -2.453893 -0.109999 1.000000
0.218186 -2.448362 -0.109999 1.000000
0.304892 -2.441048 -0.109999 1.000000
0.477275 -2.417368 -0.109999 1.000000
0.562742 -2.401030 -0.109999 1.000000
0.583875 -2.122754 -0.055975 1.000000
0.978690 -2.275277 -0.109999 1.000000
1.058893 -2.241527 -0.109999 1.000000
1.137868 -2.204998 -0.109999 1.000000
1.291757 -2.123788 -0.109999 1.000000
1.366482 -2.079205 -0.109999 1.000000
1.511038 -1.982353 -0.109999 1.000000
1.488225 -1.811086 -0.079452 1.000000
1.514335 -1.714764 -0.067564 1.000000
1.778157 -1.759627 -0.109999 1.000000
1.899418 -1.634837 -0.109999 1.000000
2.011679 -1.501892 -0.109999 1.000000
2.114392 -1.361440 -0.109999 1.000000
2.207058 -1.214166 -0.109999 1.000000
2.249480 -1.138193 -0.109999 1.000000
2.256765 1.202491 -0.109999 1.000000
2.170233 1.353451 -0.109999 1.000000
2.073382 1.498008 -0.109999 1.000000
1.951525 1.513551 -0.092123 1.000000
1.822661 1.515369 -0.072013 1.000000
1.703876 1.517046 -0.054023 1.000000
1.304872 1.522677 0.001623 1.000000
1.219606 1.523880 0.012347 1.000000
1.061844 1.526106 0.030860 1.000000
1.008711 1.684175 0.009477 1.000000
1.010750 1.828631 -0.016278 1.000000
0.977590 1.921784 -0.029999 1.000000
0.843999 1.981761 -0.029999 1.000000
0.775715 2.008217 -0.029999 1.000000
0.636586 2.053902 -0.029999 1.000000
0.457294 2.296264 -0.069576 1.000000
0.406656 2.506551 -0.109999 1.000000
0.233664 2.525277 -0.109999 1.000000
0.146784 2.530102 -0.109999 1.000000
-0.027218 2.530643 -0.109999 1.000000
-0.109520 2.457403 -0.095999 1.000000
-0.200833 2.519046 -0.109999 1.000000
-0.373216 2.495366 -0.109999 1.000000
-0.458683 2.479029 -0.109999 1.000000
-0.543528 2.459719 -0.109999 1.000000
-0.627647 2.437459 -0.109999 1.000000
-0.710938 2.412278 -0.109999 1.000000
-0.793299 2.384205 -0.109999 1.000000
-0.954833 2.319525 -0.109999 1.000000
-1.033809 2.282997 -0.109999 1.000000
-1.187698 2.201786 -0.109999 1.000000
-1.262423 2.157203 -0.109999 1.000000
-1.406979 2.060351 -0.109999 1.000000
-1.544427 1.953652 -0.109999 1.000000
-1.674098 1.837625 -0.109999 1.000000
-1.795359 1.712835 -0.109999 1.000000
-1.907620 1.579890 -0.109999 1.000000
-2.010333 1.439439 -0.109999 1.000000
-2.102999 1.292164 -0.109999 1.000000
-1.603281 0.852735 0.021348 1.000000
-1.605231 0.714583 0.032457 1.000000
-1.607077 0.583790 0.041251 1.000000
-1.797903 0.506359 0.008476 1.000000
-2.384774 0.564889 -0.109999 1.000000
-2.401643 0.479526 -0.109999 1.000000
-2.415522 0.393625 -0.109999 1.000000
-2.434249 0.220634 -0.109999 1.000000
-2.439073 0.133753 -0.109999 1.000000
-2.888893 0.048152 -0.097999 1.000000
-2.958970 -0.056766 -0.109999 1.000000
-2.953793 -0.161790 -0.109999 1.000000
-2.944955 -0.266570 -0.109999 1.000000
-2.932465 -0.370977 -0.109999 1.000000
-2.916339 -0.474884 -0.109999 1.000000
-1.912155 -0.372116 0.058601 1.000000
-2.659704 -1.273171 -0.109999 1.000000
-2.561566 -1.459135 -0.109999 1.000000
-2.507690 -1.549436 -0.109999 1.000000
-2.450695 -1.637801 -0.109999 1.000000
-2.327631 -1.808298 -0.109999 1.000000
-2.261711 -1.890221 -0.109999 1.000000
-2.192973 -1.969794 -0.109999 1.000000
-2.121499 -2.046920 -0.109999 1.000000
-2.047378 -2.121505 -0.109999 1.000000
-1.970698 -2.193457 -0.109999 1.000000
-1.891555 -2.262689 -0.109999 1.000000
-1.810043 -2.329117 -0.109999 1.000000
-1.726263 -2.392660 -0.109999 1.000000
-1.552307 -2.510784 -0.109999 1.000000
-1.462343 -2.565221 -0.109999 1.000000
-1.370535 -2.616485 -0.109999 1.000000
-1.181832 -2.709250 -0.109999 1.000000
-1.085168 -2.750637 -0.109999 1.000000
-0.987118 -2.788625 -0.109999 1.000000
-0.887803 -2.823168 -0.109999 1.000000
-0.787342 -2.854224 -0.109999 1.000000
-0.583476 -2.905728 -0.109999 1.000000
-0.480320 -2.926113 -0.109999 1.000000
-0.376515 -2.942886 -0.109999 1.000000
-0.272187 -2.956025 -0.109999 1.000000
-0.161380 -2.882221 -0.095999 1.000000
-0.062475 -2.971346 -0.109999 1.000000
0.042654 -2.973508 -0.109999 1.000000
0.252819 -2.966823 -0.109999 1.000000
0.357598 -2.957985 -0.109999 1.000000
0.462005 -2.945495 -0.109999 1.000000
0.565913 -2.929369 -0.109999 1.000000
0.669194 -2.909627 -0.109999 1.000000
0.564520 -2.044083 0.035392 1.000000
0.626295 -1.987483 0.041916 1.000000
0.701166 -1.980199 0.039453 1.000000
0.797886 -2.030239 0.026280 1.000000
1.041461 -2.432044 -0.051202 1.000000
1.229386 -2.394130 -0.058116 1.000000
1.458038 -2.625288 -0.109999 1.000000
1.550164 -2.574596 -0.109999 1.000000
1.640464 -2.520720 -0.109999 1.000000
1.404670 -1.979898 -0.012373 1.000000
1.406421 -1.837414 0.007070 1.000000
1.444577 -1.754860 0.014316 1.000000
1.500945 -1.698706 0.015726 1.000000
2.137948 -2.134530 -0.109999 1.000000
2.212533 -2.060408 -0.109999 1.000000
2.284485 -1.983729 -0.109999 1.000000
2.353717 -1.904585 -0.109999 1.000000
2.414017 -1.818255 -0.108692 1.000000
2.483688 -1.739293 -0.109999 1.000000
2.601812 -1.565337 -0.109999 1.000000
2.656249 -1.475374 -0.109999 1.000000
2.707514 -1.383565 -0.109999 1.000000
2.800278 -1.194863 -0.109999 1.000000
2.841665 -1.098198 -0.109999 1.000000
2.848689 1.158811 -0.109999 1.000000
2.807905 1.255731 -0.109999 1.000000
2.763762 1.351168 -0.109999 1.000000
2.608313 1.504282 -0.098925 1.000000
2.417629 1.506973 -0.071702 1.000000
2.246669 1.509385 -0.047834 1.000000
1.822661 1.515369 0.008540 1.000000
1.703876 1.517046 0.023427 1.000000
1.593774 1.518599 0.036789 1.000000
1.491196 1.520047 0.048817 1.000000
1.379819 1.611432 0.050001 1.000000
1.208181 1.741610 0.050001 1.000000
1.086596 1.818111 0.050001 1.000000
1.013084 1.993986 0.029820 1.000000
1.015788 2.185632 0.000549 1.000000
1.009075 2.386708 -0.029999 1.000000
0.842976 2.447749 -0.029999 1.000000
0.758430 2.473885 -0.029999 1.000000
0.586860 2.517230 -0.029999 1.000000
0.466098 2.920162 -0.092941 1.000000
0.376246 3.034023 -0.109999 1.000000
0.271524 3.043514 -0.109999 1.000000
0.166534 3.049344 -0.109999 1.000000
-0.043736 3.049998 -0.109999 1.000000
-0.148760 3.044822 -0.109999 1.000000
-0.253539 3.035983 -0.109999 1.000000
-0.357946 3.023493 -0.109999 1.000000
-0.461854 3.007367 -0.109999 1.000000
-0.565135 2.987625 -0.109999 1.000000
-0.667665 2.964290 -0.109999 1.000000
-0.869970 2.906961 -0.109999 1.000000
-0.969498 2.873036 -0.109999 1.000000
-1.067783 2.835659 -0.109999 1.000000
-1.164703 2.794875 -0.109999 1.000000
-1.260140 2.750732 -0.109999 1.000000
-1.446105 2.652594 -0.109999 1.000000
-1.536405 2.598718 -0.109999 1.000000
-1.624770 2.541723 -0.109999 1.000000
-1.795267 2.418659 -0.109999 1.000000
-1.877191 2.352740 -0.109999 1.000000
-1.956764 2.284002 -0.109999 1.000000
-2.033890 2.212528 -0.109999 1.000000
-2.108474 2.138406 -0.109999 1.000000
-2.180426 2.061727 -0.109999 1.000000
-2.249658 1.982583 -0.109999 1.000000
-2.316086 1.901072 -0.109999 1.000000
-2.379629 1.817291 -0.109999 1.000000
-2.497753 1.643335 -0.109999 1.000000
-2.552190 1.553372 -0.109999 1.000000
-2.603455 1.461564 -0.109999 1.000000
-2.892698 0.674505 -0.109999 1.000000
-2.913083 0.571348 -0.109999 1.000000
-2.929855 0.467543 -0.109999 1.000000
-2.942995 0.363216 -0.109999 1.000000
-2.952485 0.258494 -0.109999 1.000000
-2.958315 0.153504 -0.109999 1.000000
-3.742492 0.050808 -0.109999 1.000000
-3.740592 -0.081626 -0.109999 1.000000
-3.734072 -0.213913 -0.109999 1.000000
-3.722939 -0.345892 -0.109999 1.000000
-3.707207 -0.477402 -0.109999 1.000000
-3.686895 -0.608283 -0.109999 1.000000
-1.912155 -0.372116 0.127929 1.000000
-1.634905 -0.376029 0.163796 1.000000
-1.621458 -0.435234 0.163511 1.000000
-1.623287 -0.564869 0.157995 1.000000
-1.625216 -0.701513 0.150993 1.000000
-3.363640 -1.613796 -0.109999 1.000000
-3.303878 -1.731994 -0.109999 1.000000
-3.240027 -1.848035 -0.109999 1.000000
-3.172165 -1.961776 -0.109999 1.000000
-3.100375 -2.073080 -0.109999 1.000000
-3.024744 -2.181811 -0.109999 1.000000
-2.945364 -2.287836 -0.109999 1.000000
-2.862333 -2.391026 -0.109999 1.000000
-2.775751 -2.491255 -0.109999 1.000000
-2.685724 -2.588402 -0.109999 1.000000
-2.592361 -2.682348 -0.109999 1.000000
-2.495777 -2.772978 -0.109999 1.000000
-2.396088 -2.860182 -0.109999 1.000000
-2.293417 -2.943854 -0.109999 1.000000
-2.187888 -3.023892 -0.109999 1.000000
-2.079630 -3.100198 -0.109999 1.000000
-1.968775 -3.172679 -0.109999 1.000000
-1.855458 -3.241248 -0.109999 1.000000
-1.739817 -3.305820 -0.109999 1.000000
-1.621993 -3.366317 -0.109999 1.000000
-1.502129 -3.422665 -0.109999 1.000000
-1.380372 -3.474796 -0.109999 1.000000
-1.256870 -3.522645 -0.109999 1.000000
-1.131773 -3.566156 -0.109999 1.000000
-1.005234 -3.605273 -0.109999 1.000000
-0.877406 -3.639951 -0.109999 1.000000
-0.748447 -3.670147 -0.109999 1.000000
-0.618512 -3.695824 -0.109999 1.000000
-0.487760 -3.716950 -0.109999 1.000000
-0.356350 -3.733501 -0.109999 1.000000
-0.216779 -3.640538 -0.095999 1.000000
-0.092199 -3.752798 -0.109999 1.000000
0.040220 -3.755522 -0.109999 1.000000
0.172654 -3.753622 -0.109999 1.000000
0.304942 -3.747102 -0.109999 1.000000
0.436921 -3.735969 -0.109999 1.000000
0.568431 -3.720237 -0.109999 1.000000
0.699311 -3.699925 -0.109999 1.000000
0.829404 -3.675057 -0.109999 1.000000
0.958549 -3.645665 -0.109999 1.000000
1.086589 -3.611783 -0.109999 1.000000
1.213370 -3.573454 -0.109999 1.000000
0.966208 -2.497216 0.036207 1.000000
1.031727 -2.407732 0.044240 1.000000
1.108627 -2.354174 0.046841 1.000000
1.308669 -2.342245 0.036668 1.000000
1.939063 -3.253057 -0.109999 1.000000
2.052804 -3.185195 -0.109999 1.000000
1.384155 -1.949278 0.076487 1.000000
1.569898 -1.781401 0.079561 1.000000
2.051828 -2.195951 -0.004129 1.000000
2.211687 -2.211365 -0.020097 1.000000
2.773376 -2.605391 -0.109999 1.000000
2.864006 -2.508807 -0.109999 1.000000
2.378613 -1.790416 0.001107 1.000000
3.191226 -2.092660 -0.109999 1.000000
3.263707 -1.981805 -0.109999 1.000000
3.332276 -1.868488 -0.109999 1.000000
3.396848 -1.752847 -0.109999 1.000000
3.457345 -1.635023 -0.109999 1.000000
3.513693 -1.515160 -0.109999 1.000000
3.565824 -1.393402 -0.109999 1.000000
3.613673 -1.269900 -0.109999 1.000000
2.264422 -0.687471 0.085093 1.000000
3.664482 1.200339 -0.109999 1.000000
3.621751 1.325704 -0.109999 1.000000
3.574671 1.449502 -0.109999 1.000000
3.523299 1.571581 -0.109999 1.000000
3.467699 1.691793 -0.109999 1.000000
3.407936 1.809991 -0.109999 1.000000
2.608313 1.504282 0.002867 1.000000
2.417629 1.506973 0.024480 1.000000
2.246669 1.509385 0.043429 1.000000
2.092166 1.511566 0.060146 1.000000
1.951525 1.513551 0.074973 1.000000
1.559021 1.702244 0.096299 1.000000
1.560764 1.825716 0.083776 1.000000
1.562661 1.960165 0.069744 1.000000
1.564740 2.107498 0.053952 1.000000
1.432573 2.233106 0.050001 1.000000
1.355159 2.279949 0.050001 1.000000
1.276157 2.324063 0.050001 1.000000
1.195663 2.365392 0.050001 1.000000
1.113777 2.403887 0.050001 1.000000
1.030597 2.439501 0.050001 1.000000
1.022772 2.680484 0.020468 1.000000
1.027414 3.009437 -0.021090 1.000000
1.109293 3.683271 -0.109999 1.000000
0.981466 3.717949 -0.109999 1.000000
0.852506 3.748145 -0.109999 1.000000
0.722571 3.773822 -0.109999 1.000000
0.591819 3.794948 -0.109999 1.000000
0.460409 3.811499 -0.109999 1.000000
0.328502 3.823453 -0.109999 1.000000
0.196258 3.830796 -0.109999 1.000000
0.063839 3.833520 -0.109999 1.000000
-0.065251 3.726477 -0.095999 1.000000
-0.200882 3.825100 -0.109999 1.000000
-0.332861 3.813967 -0.109999 1.000000
-0.464371 3.798235 -0.109999 1.000000
-0.595252 3.777923 -0.109999 1.000000
-0.725345 3.753056 -0.109999 1.000000
-0.854490 3.723663 -0.109999 1.000000
-0.982530 3.689782 -0.109999 1.000000
-1.109311 3.651452 -0.109999 1.000000
-1.234676 3.608721 -0.109999 1.000000
-1.358474 3.561641 -0.109999 1.000000
-1.480553 3.510270 -0.109999 1.000000
-1.600765 3.454669 -0.109999 1.000000
-1.718963 3.394906 -0.109999 1.000000
-1.835004 3.331055 -0.109999 1.000000
-1.948745 3.263193 -0.109999 1.000000
-2.060049 3.191403 -0.109999 1.000000
-2.168780 3.115772 -0.109999 1.000000
-2.274805 3.036393 -0.109999 1.000000
-2.377995 2.953362 -0.109999 1.000000
-2.478225 2.866780 -0.109999 1.000000
-2.575371 2.776752 -0.109999 1.000000
-2.669317 2.683390 -0.109999 1.000000
-2.531821 2.380110 -0.069030 1.000000
-2.534042 2.222722 -0.055460 1.000000
-2.536139 2.074101 -0.043179 1.000000
-2.696739 2.049196 -0.058208 1.000000
-3.003029 2.113525 -0.096464 1.000000
-3.159649 2.059804 -0.109999 1.000000
-3.228218 1.946487 -0.109999 1.000000
-3.292790 1.830846 -0.109999 1.000000
-1.603281 0.852735 0.149520 1.000000
-1.605231 0.714583 0.156818 1.000000
-1.607077 0.583790 0.162595 1.000000
-1.797903 0.506359 0.141063 1.000000
-3.074537 0.713748 -0.030681 1.000000
-3.044955 0.595024 -0.023755 1.000000
-3.703920 0.578789 -0.109999 1.000000
-3.720471 0.447379 -0.109999 1.000000
-3.732425 0.315472 -0.109999 1.000000
-3.739768 0.183228 -0.109999 1.000000
-5.056817 0.054899 -0.109999 1.000000
-5.054260 -0.123407 -0.109999 1.000000
-5.045481 -0.301515 -0.109999 1.000000
-4.078913 -0.382187 -0.015451 1.000000
-4.091490 -0.530190 -0.018423 1.000000
-4.981963 -0.832485 -0.109999 1.000000
-4.546741 -2.186281 -0.109999 1.000000
-4.466279 -2.345421 -0.109999 1.000000
-4.380311 -2.501655 -0.109999 1.000000
-4.288944 -2.654794 -0.109999 1.000000
-4.192287 -2.804650 -0.109999 1.000000
-4.090460 -2.951043 -0.109999 1.000000
-3.983585 -3.093792 -0.109999 1.000000
-3.871794 -3.232724 -0.109999 1.000000
-3.755222 -3.367671 -0.109999 1.000000
-3.634012 -3.498467 -0.109999 1.000000
-3.508311 -3.624953 -0.109999 1.000000
-3.378272 -3.746975 -0.109999 1.000000
-3.244053 -3.864384 -0.109999 1.000000
-3.105819 -3.977038 -0.109999 1.000000
-2.963738 -4.084799 -0.109999 1.000000
-2.817982 -4.187536 -0.109999 1.000000
-2.668730 -4.285123 -0.109999 1.000000
-2.516163 -4.377442 -0.109999 1.000000
-2.360467 -4.464380 -0.109999 1.000000
-2.201832 -4.545832 -0.109999 1.000000
-2.040450 -4.621697 -0.109999 1.000000
-1.876520 -4.691884 -0.109999 1.000000
-1.710239 -4.756308 -0.109999 1.000000
-1.541812 -4.814889 -0.109999 1.000000
-1.369315 -4.860223 -0.109244 1.000000
-1.186344 -4.862805 -0.104754 1.000000
-1.006384 -4.865345 -0.100943 1.000000
-0.828935 -4.867849 -0.097785 1.000000
-0.653518 -4.870325 -0.095260 1.000000
-0.479679 -4.872778 -0.093353 1.000000
-0.306978 -4.875216 -0.092052 1.000000
-0.134985 -4.877643 -0.091349 1.000000
0.036721 -4.880066 -0.091240 1.000000
0.208558 -4.882491 -0.091723 1.000000
0.380948 -4.884924 -0.092802 1.000000
0.554316 -4.887371 -0.094484 1.000000
0.729097 -4.889837 -0.096778 1.000000
0.905740 -4.892330 -0.099700 1.000000
1.084715 -4.894856 -0.103267 1.000000
1.266512 -4.897421 -0.107503 1.000000
1.444935 -4.876321 -0.109999 1.000000
1.615628 -4.824715 -0.109999 1.000000
1.784417 -4.767183 -0.109999 1.000000
1.056285 -2.469064 0.127947 1.000000
1.127399 -2.396694 0.131815 1.000000
1.212923 -2.360107 0.131548 1.000000
1.325542 -2.374218 0.125280 1.000000
2.592683 -4.393340 -0.109999 1.000000
2.745821 -4.301973 -0.109999 1.000000
2.895678 -4.205316 -0.109999 1.000000
1.806875 -2.392214 0.098616 1.000000
1.859132 -2.288884 0.103697 1.000000
1.935982 -2.220451 0.104205 1.000000
2.033165 -2.175093 0.101318 1.000000
2.163634 -2.161294 0.093552 1.000000
2.701785 -2.535825 0.029786 1.000000
2.677285 -2.339627 0.044824 1.000000
2.754137 -2.242706 0.045414 1.000000
2.503360 -1.888506 0.086754 1.000000
4.278563 -2.831012 -0.109999 1.000000
4.376150 -2.681760 -0.109999 1.000000
4.468469 -2.529193 -0.109999 1.000000
4.555407 -2.373497 -0.109999 1.000000
4.636859 -2.214861 -0.109999 1.000000
4.712724 -2.053480 -0.109999 1.000000
4.782912 -1.889550 -0.109999 1.000000
4.847335 -1.723269 -0.109999 1.000000
4.905916 -1.554842 -0.109999 1.000000
2.558786 -0.688252 0.136994 1.000000
2.576687 -0.505851 0.139697 1.000000
2.583842 -0.415557 0.140733 1.000000
2.589829 -0.325723 0.141566 1.000000
2.598375 -0.147024 0.142628 1.000000
2.600956 -0.057955 0.142861 1.000000
2.602765 0.120126 0.142737 1.000000
2.601993 0.209337 0.142379 1.000000
2.592895 0.478873 0.140104 1.000000
2.587555 0.569700 0.138937 1.000000
2.581029 0.661196 0.137558 1.000000
4.967349 1.431904 -0.109999 1.000000
4.915743 1.602597 -0.109999 1.000000
4.858211 1.771386 -0.109999 1.000000
4.794824 1.938064 -0.109999 1.000000
4.725658 2.102428 -0.109999 1.000000
4.650799 2.264279 -0.109999 1.000000
4.570336 2.423418 -0.109999 1.000000
2.246669 1.509385 0.133875 1.000000
2.106531 1.521935 0.144540 1.000000
2.108129 1.635120 0.137707 1.000000
2.109818 1.754803 0.130159 1.000000
2.049876 1.826641 0.130001 1.000000
1.986271 1.895276 0.130001 1.000000
1.920310 1.961649 0.130001 1.000000
1.852072 2.025680 0.130001 1.000000
1.781641 2.087290 0.130001 1.000000
1.709103 2.146405 0.130001 1.000000
1.634547 2.202952 0.130001 1.000000
1.567035 2.270077 0.128422 1.000000
1.569586 2.450862 0.113325 1.000000
1.572447 2.653614 0.096030 1.000000
1.575687 2.883193 0.076057 1.000000
2.305890 4.623829 -0.109999 1.000000
2.144509 4.699694 -0.109999 1.000000
1.980579 4.769882 -0.109999 1.000000
1.814298 4.834305 -0.109999 1.000000
1.645871 4.892886 -0.109999 1.000000
1.474073 4.940629 -0.109492 1.000000
1.291011 4.943213 -0.105000 1.000000
1.110964 4.945754 -0.101187 1.000000
0.933427 4.948259 -0.098027 1.000000
0.757924 4.950736 -0.095501 1.000000
0.584000 4.953190 -0.093593 1.000000
0.411213 4.955629 -0.092292 1.000000
0.239136 4.958057 -0.091588 1.000000
0.067346 4.960482 -0.091479 1.000000
-0.104576 4.962908 -0.091962 1.000000
-0.277051 4.965342 -0.093042 1.000000
-0.450504 4.967790 -0.094724 1.000000
-0.625370 4.970258 -0.097020 1.000000
-0.802101 4.972752 -0.099943 1.000000
-0.981163 4.975279 -0.103512 1.000000
-1.163050 4.977846 -0.107750 1.000000
-1.340876 4.954320 -0.109999 1.000000
-1.511569 4.902714 -0.109999 1.000000
-1.680358 4.845182 -0.109999 1.000000
-1.847036 4.781795 -0.109999 1.000000
-2.011400 4.712629 -0.109999 1.000000
-2.173251 4.637770 -0.109999 1.000000
-2.332390 4.557307 -0.109999 1.000000
-2.488624 4.471339 -0.109999 1.000000
-2.641763 4.379972 -0.109999 1.000000
-2.791620 4.283316 -0.109999 1.000000
-2.938012 4.181488 -0.109999 1.000000
-3.080761 4.074614 -0.109999 1.000000
-3.219694 3.962822 -0.109999 1.000000
-3.354640 3.846251 -0.109999 1.000000
-3.485436 3.725040 -0.109999 1.000000
-3.611922 3.599339 -0.109999 1.000000
-2.531821 2.380110 0.050347 1.000000
-2.534042 2.222722 0.060427 1.000000
-2.536139 2.074101 0.069548 1.000000
-2.696739 2.049196 0.058386 1.000000
-3.003029 2.113525 0.029972 1.000000
-3.250580 2.117018 0.009299 1.000000
-4.364412 2.607192 -0.109999 1.000000
-4.451350 2.451496 -0.109999 1.000000
-3.074537 0.713748 0.078830 1.000000
-3.044955 0.595024 0.083975 1.000000
-5.004885 0.765758 -0.109999 1.000000
-5.027168 0.588831 -0.109999 1.000000
-5.043263 0.411235 -0.109999 1.000000
-5.053150 0.233185 -0.109999 1.000000
-7.736656 0.063239 -0.109999 1.000000
-7.732757 -0.208597 -0.109999 1.000000
-7.719374 -0.480132 -0.109999 1.000000
-4.078913 -0.382187 0.125771 1.000000
-4.091490 -0.530190 0.123821 1.000000
-7.622538 -1.289621 -0.109999 1.000000
-1.912155 -0.372116 0.264885 1.000000
-1.634905 -0.376029 0.282359 1.000000
-1.621458 -0.435234 0.282220 1.000000
-1.623287 -0.564869 0.279533 1.000000
-1.625216 -0.701513 0.276122 1.000000
-6.959020 -3.353549 -0.109999 1.000000
-6.836351 -3.596165 -0.109999 1.000000
-6.705290 -3.834351 -0.109999 1.000000
-6.565995 -4.067819 -0.109999 1.000000
-6.418638 -4.296283 -0.109999 1.000000
-6.263397 -4.519465 -0.109999 1.000000
-6.100461 -4.737093 -0.109999 1.000000
-5.749539 -4.798407 -0.094762 1.000000
-5.360334 -4.803900 -0.075896 1.000000
-4.999579 -4.808991 -0.058961 1.000000
-4.663475 -4.813734 -0.043719 1.000000
-4.348838 -4.818175 -0.029968 1.000000
-4.052976 -4.822350 -0.017539 1.000000
-3.773597 -4.826293 -0.006293 1.000000
-3.508732 -4.830031 0.003893 1.000000
-3.256682 -4.833588 0.013121 1.000000
-3.015965 -4.836985 0.021479 1.000000
-2.785284 -4.840240 0.029043 1.000000
-2.563495 -4.843370 0.035877 1.000000
-2.349583 -4.846389 0.042039 1.000000
-2.142640 -4.849310 0.047577 1.000000
-1.941849 -4.852143 0.052533 1.000000
-1.746472 -4.854901 0.056943 1.000000
-1.555834 -4.857591 0.060840 1.000000
-1.369315 -4.860223 0.064249 1.000000
-1.186344 -4.862805 0.067194 1.000000
-1.006384 -4.865345 0.069694 1.000000
-0.828935 -4.867849 0.071765 1.000000
-0.653518 -4.870325 0.073421 1.000000
-0.479679 -4.872778 0.074672 1.000000
-0.306978 -4.875216 0.075526 1.000000
-0.134985 -4.877643 0.075987 1.000000
0.036721 -4.880066 0.076059 1.000000
0.208558 -4.882491 0.075742 1.000000
0.380948 -4.884924 0.075034 1.000000
0.554316 -4.887371 0.073931 1.000000
0.729097 -4.889837 0.072426 1.000000
0.905740 -4.892330 0.070509 1.000000
1.084715 -4.894856 0.068169 1.000000
1.266512 -4.897421 0.065391 1.000000
1.451655 -4.900034 0.062156 1.000000
1.640700 -4.902702 0.058442 1.000000
1.834249 -4.905434 0.054226 1.000000
2.032956 -4.908238 0.049475 1.000000
2.237533 -4.911125 0.044157 1.000000
2.448767 -4.914106 0.038232 1.000000
2.667531 -4.917193 0.031652 1.000000
2.894798 -4.920401 0.024365 1.000000
3.131661 -4.923743 0.016309 1.000000
3.379359 -4.927239 0.007412 1.000000
3.639300 -4.930907 -0.002408 1.000000
1.936278 -2.388262 0.195767 1.000000
2.099154 -2.248842 0.195947 1.000000
4.837844 -4.947822 -0.053140 1.000000
5.189076 -4.952779 -0.069423 1.000000
2.818088 -2.467202 0.152988 1.000000
5.976701 -4.963894 -0.107774 1.000000
6.174671 -4.775293 -0.109999 1.000000
6.338957 -4.558683 -0.109999 1.000000
6.495584 -4.336472 -0.109999 1.000000
6.644360 -4.108929 -0.109999 1.000000
6.785105 -3.876334 -0.109999 1.000000
6.917647 -3.638967 -0.109999 1.000000
7.041823 -3.397120 -0.109999 1.000000
7.157484 -3.151087 -0.109999 1.000000
7.264488 -2.901167 -0.109999 1.000000
7.362705 -2.647664 -0.109999 1.000000
7.452015 -2.390889 -0.109999 1.000000
7.532309 -2.131153 -0.109999 1.000000
2.930381 -0.688177 0.202510 1.000000
2.944406 -0.480292 0.204465 1.000000
2.949896 -0.377470 0.205178 1.000000
2.954398 -0.275188 0.205717 1.000000
2.957926 -0.173291 0.206085 1.000000
2.960492 -0.071630 0.206285 1.000000
2.962758 0.131575 0.206179 1.000000
2.962461 0.233416 0.205873 1.000000
2.961204 0.335615 0.205397 1.000000
2.958979 0.438323 0.204749 1.000000
2.955773 0.541694 0.203927 1.000000
2.951567 0.645889 0.202926 1.000000
7.615217 1.899732 -0.109999 1.000000
7.545671 2.162550 -0.109999 1.000000
7.466996 2.422780 -0.109999 1.000000
7.379286 2.680107 -0.109999 1.000000
7.282649 2.934216 -0.109999 1.000000
7.177203 3.184797 -0.109999 1.000000
7.063076 3.431546 -0.109999 1.000000
6.940406 3.674161 -0.109999 1.000000
2.608313 1.504282 0.203957 1.000000
2.476412 1.543450 0.210001 1.000000
2.422430 1.627144 0.210001 1.000000
2.305873 1.788626 0.210001 1.000000
2.243439 1.866218 0.210001 1.000000
2.178335 1.941584 0.210001 1.000000
2.113523 2.017399 0.209742 1.000000
2.115573 2.162594 0.203011 1.000000
2.117779 2.318937 0.195520 1.000000
2.120167 2.488190 0.187157 1.000000
2.122768 2.672489 0.177786 1.000000
2.125619 2.874450 0.167240 1.000000
3.362367 4.913981 0.012934 1.000000
3.121532 4.917379 0.021296 1.000000
2.890737 4.920637 0.028863 1.000000
2.668840 4.923768 0.035701 1.000000
2.454823 4.926788 0.041866 1.000000
2.247778 4.929710 0.047406 1.000000
2.046888 4.932545 0.052365 1.000000
1.851415 4.935304 0.056777 1.000000
1.660683 4.937996 0.060675 1.000000
1.474073 4.940629 0.064086 1.000000
1.291011 4.943213 0.067033 1.000000
1.110964 4.945754 0.069534 1.000000
0.933427 4.948259 0.071607 1.000000
0.757924 4.950736 0.073263 1.000000
0.584000 4.953190 0.074515 1.000000
0.411213 4.955629 0.075369 1.000000
0.239136 4.958057 0.075830 1.000000
0.067346 4.960482 0.075902 1.000000
-0.104576 4.962908 0.075585 1.000000
-0.277051 4.965342 0.074876 1.000000
-0.450504 4.967790 0.073773 1.000000
-0.625370 4.970258 0.072267 1.000000
-0.802101 4.972752 0.070350 1.000000
-0.981163 4.975279 0.068009 1.000000
-1.163050 4.977846 0.065229 1.000000
-1.348283 4.980460 0.061992 1.000000
-1.537421 4.983129 0.058277 1.000000
-1.731066 4.985862 0.054058 1.000000
-1.929870 4.988667 0.049306 1.000000
-2.134548 4.991556 0.043985 1.000000
-2.345886 4.994538 0.038056 1.000000
-2.564758 4.997627 0.031473 1.000000
-2.792136 5.000836 0.024183 1.000000
-3.029116 5.004180 0.016123 1.000000
-3.276935 5.007678 0.007222 1.000000
-3.537003 5.011348 -0.002604 1.000000
-3.810936 5.015214 -0.013450 1.000000
-4.100597 5.019302 -0.025432 1.000000
-4.408152 5.023642 -0.038683 1.000000
-4.736136 5.028271 -0.053360 1.000000
-5.087542 5.033230 -0.069651 1.000000
-2.531821 2.380110 0.168930 1.000000
-2.534042 2.222722 0.175541 1.000000
-2.536139 2.074101 0.181524 1.000000
-2.696739 2.049196 0.174203 1.000000
-3.003029 2.113525 0.155565 1.000000
-3.250580 2.117018 0.142005 1.000000
-6.681050 3.954334 -0.109999 1.000000
-6.813592 3.716968 -0.109999 1.000000
-1.603281 0.852735 0.275404 1.000000
-1.605231 0.714583 0.278960 1.000000
-1.607077 0.583790 0.281774 1.000000
-1.797903 0.506359 0.271284 1.000000
-3.074537 0.713748 0.187613 1.000000
-3.044955 0.595024 0.190987 1.000000
-7.657484 1.146978 -0.109999 1.000000
-5.065396 0.592970 0.061261 1.000000
-7.715992 0.606491 -0.109999 1.000000
-7.731065 0.335045 -0.109999 1.000000
-8.845094 0.066688 0.119403 1.000000
-8.849481 -0.244115 0.119129 1.000000
-8.853881 -0.555917 0.118517 1.000000
-4.078913 -0.382187 0.266375 1.000000
-4.091490 -0.530190 0.265444 1.000000
-8.867276 -1.505110 0.114608 1.000000
-7.138825 -4.778801 0.126885 1.000000
-6.632586 -4.785945 0.139634 1.000000
-6.171769 -4.792449 0.150941 1.000000
-5.749539 -4.798407 0.161017 1.000000
-5.360334 -4.803900 0.170030 1.000000
-4.999579 -4.808991 0.178120 1.000000
-4.663475 -4.813734 0.185402 1.000000
-4.348838 -4.818175 0.191972 1.000000
-4.052976 -4.822350 0.197909 1.000000
-3.773597 -4.826293 0.203282 1.000000
-3.508732 -4.830031 0.208149 1.000000
-3.256682 -4.833588 0.212557 1.000000
-3.015965 -4.836985 0.216550 1.000000
-2.785284 -4.840240 0.220164 1.000000
-2.563495 -4.843370 0.223429 1.000000
-2.349583 -4.846389 0.226373 1.000000
-2.142640 -4.849310 0.229018 1.000000
-1.941849 -4.852143 0.231386 1.000000
-1.746472 -4.854901 0.233493 1.000000
-1.555834 -4.857591 0.235355 1.000000
-1.369315 -4.860223 0.236983 1.000000
-1.186344 -4.862805 0.238390 1.000000
-1.006384 -4.865345 0.239585 1.000000
-0.828935 -4.867849 0.240574 1.000000
-0.653518 -4.870325 0.241365 1.000000
-0.479679 -4.872778 0.241963 1.000000
-0.306978 -4.875216 0.242371 1.000000
-0.134985 -4.877643 0.242591 1.000000
0.036721 -4.880066 0.242625 1.000000
0.208558 -4.882491 0.242474 1.000000
0.380948 -4.884924 0.242136 1.000000
0.554316 -4.887371 0.241609 1.000000
0.729097 -4.889837 0.240890 1.000000
0.905740 -4.892330 0.239974 1.000000
1.084715 -4.894856 0.238856 1.000000
1.266512 -4.897421 0.237529 1.000000
1.451655 -4.900034 0.235983 1.000000
1.640700 -4.902702 0.234209 1.000000
1.834249 -4.905434 0.232195 1.000000
2.032956 -4.908238 0.229925 1.000000
2.237533 -4.911125 0.227385 1.000000
2.448767 -4.914106 0.224554 1.000000
2.667531 -4.917193 0.221410 1.000000
2.894798 -4.920401 0.217929 1.000000
3.131661 -4.923743 0.214080 1.000000
3.379359 -4.927239 0.209830 1.000000
3.639300 -4.930907 0.205138 1.000000
3.913098 -4.934771 0.199959 1.000000
4.202616 -4.938857 0.194237 1.000000
4.510020 -4.943195 0.187910 1.000000
4.837844 -4.947822 0.180901 1.000000
5.189076 -4.952779 0.173122 1.000000
5.567273 -4.958116 0.164465 1.000000
5.976701 -4.963894 0.154800 1.000000
6.422528 -4.970186 0.143971 1.000000
8.512369 -3.070165 0.115797 1.000000
8.517020 -2.740598 0.119015 1.000000
8.521571 -2.418154 0.121831 1.000000
8.526035 -2.101841 0.124263 1.000000
3.417298 -0.687265 0.288356 1.000000
3.422277 -0.566087 0.288932 1.000000
3.426591 -0.445979 0.289394 1.000000
3.430254 -0.326700 0.289743 1.000000
3.433282 -0.208018 0.289981 1.000000
3.435683 -0.089705 0.290110 1.000000
3.438630 0.146710 0.290042 1.000000
3.439181 0.265261 0.289844 1.000000
3.439115 0.384342 0.289536 1.000000
3.438425 0.504183 0.289116 1.000000
3.437103 0.625022 0.288582 1.000000
8.581442 1.824256 0.125069 1.000000
8.585877 2.138538 0.122774 1.000000
8.590394 2.458604 0.120102 1.000000
8.595006 2.785416 0.117035 1.000000
6.739931 4.866315 0.139508 1.000000
6.278887 4.872821 0.150821 1.000000
5.856450 4.878783 0.160901 1.000000
5.467053 4.884278 0.169919 1.000000
5.106121 4.889372 0.178013 1.000000
4.769852 4.894117 0.185299 1.000000
4.455060 4.898560 0.191872 1.000000
4.159053 4.902737 0.197812 1.000000
3.879536 4.906682 0.203188 1.000000
3.614541 4.910422 0.208057 1.000000
3.362367 4.913981 0.212468 1.000000
3.121532 4.917379 0.216463 1.000000
2.890737 4.920637 0.220078 1.000000
2.668840 4.923768 0.223345 1.000000
2.454823 4.926788 0.226290 1.000000
2.247778 4.929710 0.228937 1.000000
2.046888 4.932545 0.231306 1.000000
1.851415 4.935304 0.233414 1.000000
1.660683 4.937996 0.235276 1.000000
1.474073 4.940629 0.236906 1.000000
1.291012 4.943213 0.238313 1.000000
1.110964 4.945754 0.239508 1.000000
0.933427 4.948259 0.240498 1.000000
0.757924 4.950736 0.241290 1.000000
0.584000 4.953190 0.241888 1.000000
0.411213 4.955629 0.242296 1.000000
0.239136 4.958057 0.242516 1.000000
0.067346 4.960482 0.242550 1.000000
-0.104576 4.962908 0.242399 1.000000
-0.277051 4.965342 0.242061 1.000000
-0.450504 4.967790 0.241533 1.000000
-0.625370 4.970258 0.240814 1.000000
-0.802101 4.972752 0.239898 1.000000
-0.981163 4.975279 0.238779 1.000000
-1.163050 4.977846 0.237451 1.000000
-1.348283 4.980460 0.235905 1.000000
-1.537421 4.983129 0.234130 1.000000
-1.731066 4.985862 0.232115 1.000000
-1.929870 4.988667 0.229844 1.000000
-2.134548 4.991556 0.227302 1.000000
-2.345886 4.994538 0.224470 1.000000
-2.564758 4.997627 0.221325 1.000000
-2.792136 5.000836 0.217842 1.000000
-3.029116 5.004180 0.213991 1.000000
-3.276935 5.007678 0.209739 1.000000
-3.537003 5.011348 0.205045 1.000000
-3.810936 5.015214 0.199863 1.000000
-4.100597 5.019302 0.194139 1.000000
-4.408152 5.023642 0.187808 1.000000
-4.736136 5.028271 0.180796 1.000000
-5.087542 5.033230 0.173013 1.000000
-5.465925 5.038570 0.164352 1.000000
-2.909604 2.539853 0.274927 1.000000
-2.912006 2.369649 0.278200 1.000000
-2.914283 2.208288 0.281165 1.000000
-3.003029 2.113525 0.280609 1.000000
-3.250580 2.117018 0.274131 1.000000
-3.074537 0.713748 0.295920 1.000000
-3.044955 0.595024 0.297532 1.000000
-8.827476 1.315125 0.117124 1.000000
-5.065396 0.592970 0.235556 1.000000
-8.836321 0.688336 0.118942 1.000000
-8.840711 0.377253 0.119341 1.000000
-8.845094 0.066688 0.420042 1.000000
-8.849481 -0.244115 0.420067 1.000000
-8.853881 -0.555917 0.420123 1.000000
-4.078913 -0.382187 0.406685 1.000000
-4.091490 -0.530190 0.406770 1.000000
-8.867276 -1.505110 0.420478 1.000000
-1.912155 -0.372116 0.400645 1.000000
-1.634905 -0.376029 0.399887 1.000000
-1.621458 -0.435234 0.399893 1.000000
-1.623287 -0.564869 0.400009 1.000000
-1.625216 -0.701513 0.400157 1.000000
-7.138825 -4.778801 0.419362 1.000000
-6.632586 -4.785945 0.418204 1.000000
-6.171769 -4.792449 0.417176 1.000000
-5.749539 -4.798407 0.416260 1.000000
-5.360334 -4.803900 0.415441 1.000000
-4.999579 -4.808991 0.414706 1.000000
-4.663475 -4.813734 0.414044 1.000000
-4.348838 -4.818175 0.413447 1.000000
-4.052976 -4.822350 0.412908 1.000000
-3.773597 -4.826293 0.412419 1.000000
-3.508732 -4.830031 0.411977 1.000000
-3.256682 -4.833588 0.411576 1.000000
-3.015965 -4.836985 0.411213 1.000000
-2.785284 -4.840240 0.410885 1.000000
-2.563495 -4.843370 0.410588 1.000000
-2.349583 -4.846389 0.410321 1.000000
-2.142640 -4.849310 0.410080 1.000000
-1.941849 -4.852143 0.409865 1.000000
-1.746472 -4.854901 0.409674 1.000000
-1.555834 -4.857591 0.409504 1.000000
-1.369315 -4.860223 0.409356 1.000000
-1.186344 -4.862805 0.409229 1.000000
-1.006384 -4.865345 0.409120 1.000000
-0.828935 -4.867849 0.409030 1.000000
-0.653518 -4.870325 0.408958 1.000000
-0.479679 -4.872778 0.408904 1.000000
-0.306978 -4.875216 0.408867 1.000000
-0.134985 -4.877643 0.408847 1.000000
0.036721 -4.880066 0.408844 1.000000
0.208558 -4.882491 0.408857 1.000000
0.380948 -4.884924 0.408888 1.000000
0.554316 -4.887371 0.408936 1.000000
0.729097 -4.889837 0.409001 1.000000
0.905740 -4.892330 0.409085 1.000000
1.084715 -4.894856 0.409186 1.000000
1.266512 -4.897421 0.409307 1.000000
1.451655 -4.900034 0.409447 1.000000
1.640700 -4.902702 0.409608 1.000000
1.834249 -4.905434 0.409792 1.000000
2.032956 -4.908238 0.409998 1.000000
2.237533 -4.911125 0.410229 1.000000
2.448767 -4.914106 0.410486 1.000000
2.667531 -4.917193 0.410772 1.000000
2.894798 -4.920401 0.411088 1.000000
3.131661 -4.923743 0.411438 1.000000
3.379359 -4.927239 0.411824 1.000000
3.639300 -4.930907 0.412250 1.000000
3.913098 -4.934771 0.412721 1.000000
4.202616 -4.938857 0.413241 1.000000
4.510020 -4.943195 0.413816 1.000000
4.837844 -4.947822 0.414453 1.000000
5.189076 -4.952779 0.415160 1.000000
5.567273 -4.958116 0.415947 1.000000
5.976701 -4.963894 0.416825 1.000000
6.422528 -4.970186 0.417809 1.000000
8.512369 -3.070165 0.420370 1.000000
8.517020 -2.740598 0.420077 1.000000
8.521571 -2.418154 0.419821 1.000000
8.526035 -2.101841 0.419600 1.000000
3.594964 -0.725607 0.405199 1.000000
3.596773 -0.597416 0.405134 1.000000
3.598562 -0.470694 0.405082 1.000000
3.600334 -0.345111 0.405043 1.000000
3.602095 -0.220351 0.405016 1.000000
3.603848 -0.096102 0.405002 1.000000
3.605599 0.027940 0.405000 1.000000
3.607350 0.152077 0.405010 1.000000
3.609108 0.276612 0.405032 1.000000
3.610875 0.401854 0.405066 1.000000
3.612657 0.528117 0.405114 1.000000
3.614458 0.655726 0.405174 1.000000
8.581442 1.824256 0.419527 1.000000
8.585877 2.138538 0.419736 1.000000
8.590394 2.458604 0.419978 1.000000
8.595006 2.785416 0.420257 1.000000
6.739931 4.866315 0.418215 1.000000
6.278888 4.872821 0.417187 1.000000
5.856450 4.878783 0.416271 1.000000
5.467053 4.884278 0.415451 1.000000
5.106121 4.889372 0.414716 1.000000
4.769852 4.894117 0.414053 1.000000
4.455060 4.898560 0.413456 1.000000
4.159053 4.902737 0.412916 1.000000
3.879536 4.906682 0.412428 1.000000
3.614541 4.910422 0.411985 1.000000
3.362367 4.913981 0.411584 1.000000
3.121532 4.917379 0.411221 1.000000
2.890737 4.920637 0.410893 1.000000
2.668840 4.923768 0.410596 1.000000
2.454823 4.926788 0.410328 1.000000
2.247778 4.929710 0.410088 1.000000
2.046889 4.932545 0.409872 1.000000
1.851415 4.935304 0.409681 1.000000
1.660683 4.937996 0.409512 1.000000
1.474073 4.940629 0.409363 1.000000
1.291012 4.943213 0.409236 1.000000
1.110964 4.945754 0.409127 1.000000
0.933427 4.948259 0.409037 1.000000
0.757924 4.950736 0.408965 1.000000
0.584000 4.953190 0.408911 1.000000
0.411213 4.955629 0.408874 1.000000
0.239136 4.958057 0.408854 1.000000
0.067346 4.960482 0.408850 1.000000
-0.104576 4.962908 0.408864 1.000000
-0.277051 4.965342 0.408895 1.000000
-0.450504 4.967790 0.408943 1.000000
-0.625370 4.970258 0.409008 1.000000
-0.802101 4.972752 0.409092 1.000000
-0.981163 4.975279 0.409193 1.000000
-1.163050 4.977846 0.409314 1.000000
-1.348283 4.980460 0.409454 1.000000
-1.537421 4.983129 0.409616 1.000000
-1.731066 4.985862 0.409799 1.000000
-1.929870 4.988667 0.410005 1.000000
-2.134548 4.991556 0.410236 1.000000
-2.345886 4.994538 0.410494 1.000000
-2.564758 4.997627 0.410780 1.000000
-2.792136 5.000836 0.411096 1.000000
-3.029116 5.004180 0.411446 1.000000
-3.276935 5.007678 0.411832 1.000000
-3.537003 5.011348 0.412259 1.000000
-3.810936 5.015214 0.412730 1.000000
-4.100597 5.019302 0.413250 1.000000
-4.408152 5.023642 0.413826 1.000000
-4.736136 5.028271 0.414463 1.000000
-5.087542 5.033230 0.415170 1.000000
-5.465925 5.038570 0.415957 1.000000
-5.875554 5.044351 0.416836 1.000000
-6.321600 5.050646 0.417821 1.000000
-6.810391 5.057544 0.418929 1.000000
-1.603281 0.852735 0.400189 1.000000
-1.605231 0.714583 0.400034 1.000000
-1.607077 0.583790 0.399912 1.000000
-1.797903 0.506359 0.400367 1.000000
-3.074537 0.713748 0.404000 1.000000
-3.044955 0.595024 0.403854 1.000000
-8.827476 1.315125 0.420249 1.000000
-5.065396 0.592970 0.409486 1.000000
-8.836321 0.688336 0.420084 1.000000
-8.840711 0.377253 0.420048 1.000000
-8.845094 0.066688 0.720739 1.000000
-8.849481 -0.244115 0.721063 1.000000
-8.853881 -0.555917 0.721786 1.000000
-4.078913 -0.382187 0.547022 1.000000
-4.091490 -0.530190 0.548123 1.000000
-8.867276 -1.505110 0.726407 1.000000
-7.986736 -5.346893 0.749262 1.000000
-7.420804 -5.354879 0.732417 1.000000
-6.905650 -5.362149 0.717476 1.000000
-6.433632 -5.368811 0.704163 1.000000
-5.998534 -5.374951 0.692253 1.000000
-5.595240 -5.380643 0.681563 1.000000
-5.219504 -5.385945 0.671941 1.000000
-4.867767 -5.390909 0.663260 1.000000
-4.537018 -5.395577 0.655415 1.000000
-4.224696 -5.399984 0.648315 1.000000
-3.928600 -5.404163 0.641885 1.000000
-3.646829 -5.408140 0.636060 1.000000
-3.422876 -5.483693 0.633888 1.000000
-3.429428 -5.947956 0.648557 1.000000
-3.436847 -6.473647 0.665496 1.000000
-3.445339 -7.075389 0.685240 1.000000
-3.455182 -7.772807 0.708504 1.000000
3.544136 -7.870556 0.711548 1.000000
3.553635 -7.197429 0.689323 1.000000
3.561898 -6.611955 0.670328 1.000000
3.569167 -6.096882 0.653932 1.000000
3.575626 -5.639181 0.639660 1.000000
3.771702 -5.512834 0.639664 1.000000
4.062293 -5.516935 0.645863 1.000000
4.368376 -5.521254 0.652707 1.000000
4.692033 -5.525822 0.660267 1.000000
5.035685 -5.530672 0.668627 1.000000
5.402164 -5.535844 0.677888 1.000000
5.794812 -5.541385 0.688167 1.000000
6.217604 -5.547352 0.699606 1.000000
6.675310 -5.553811 0.712376 1.000000
7.173706 -5.560845 0.726686 1.000000
8.512369 -3.070165 0.725000 1.000000
8.517020 -2.740598 0.721196 1.000000
8.521571 -2.418154 0.717868 1.000000
8.526035 -2.101841 0.714994 1.000000
3.594964 -0.725607 0.527696 1.000000
3.596773 -0.597416 0.526851 1.000000
3.598562 -0.470694 0.526176 1.000000
3.600334 -0.345111 0.525665 1.000000
3.602095 -0.220351 0.525317 1.000000
3.603848 -0.096102 0.525129 1.000000
3.605599 0.027940 0.525100 1.000000
3.607350 0.152077 0.525229 1.000000
3.609108 0.276612 0.525518 1.000000
3.610875 0.401854 0.525968 1.000000
3.612657 0.528117 0.526582 1.000000
3.614458 0.655726 0.527364 1.000000
8.581442 1.824256 0.714041 1.000000
8.585877 2.138538 0.716754 1.000000
8.590394 2.458604 0.719912 1.000000
8.595006 2.785416 0.723537 1.000000
7.528148 5.435249 0.732565 1.000000
7.012768 5.442522 0.717618 1.000000
6.540543 5.449186 0.704299 1.000000
6.105253 5.455329 0.692384 1.000000
5.701782 5.461023 0.681689 1.000000
5.325881 5.466328 0.672063 1.000000
4.973989 5.471294 0.663378 1.000000
4.559639 5.377132 0.650793 1.000000
4.261360 5.392273 0.644323 1.000000
4.034409 5.484554 0.641994 1.000000
3.685247 5.389472 0.631782 1.000000
3.420922 5.393202 0.626599 1.000000
3.263655 5.561932 0.628904 1.000000
3.342400 6.181095 0.650105 1.000000
3.350409 6.748601 0.668725 1.000000
3.359691 7.406337 0.690666 1.000000
3.370606 8.179729 0.716858 1.000000
-1.685785 5.444629 0.602883 1.000000
-1.868751 5.367844 0.602383 1.000000
-2.746262 7.027554 0.670610 1.000000
-2.755157 6.397224 0.649462 1.000000
-2.623964 5.569215 0.619927 1.000000
-2.776339 5.398560 0.616868 1.000000
-3.077657 5.498946 0.625407 1.000000
-3.392251 5.589363 0.634153 1.000000
-3.669278 5.593273 0.639771 1.000000
-3.959997 5.597375 0.645974 1.000000
-4.266214 5.601697 0.652820 1.000000
-4.590014 5.606266 0.660384 1.000000
-4.933816 5.611118 0.668748 1.000000
-5.300456 5.616293 0.678012 1.000000
-5.693277 5.621836 0.688296 1.000000
-6.116255 5.627806 0.699740 1.000000
-6.574162 5.634268 0.712516 1.000000
-7.072778 5.641304 0.726832 1.000000
-7.619177 5.649016 0.742944 1.000000
-3.074537 0.713748 0.512101 1.000000
-3.044955 0.595024 0.510196 1.000000
-8.827476 1.315125 0.723433 1.000000
-5.065396 0.592970 0.583450 1.000000
-8.836321 0.688336 0.721284 1.000000
-8.840711 0.377253 0.720812 1.000000
-8.845094 0.066688 1.022181 1.000000
-8.849481 -0.244115 1.022804 1.000000
-8.853881 -0.555917 1.024196 1.000000
-8.858306 -0.869487 1.026365 1.000000
-8.862767 -1.185614 1.029325 1.000000
-8.867276 -1.505110 1.033094 1.000000
-1.912155 -0.372116 0.536457 1.000000
-1.634905 -0.376029 0.517459 1.000000
-1.621458 -0.435234 0.517610 1.000000
-1.623287 -0.564869 0.520531 1.000000
-1.625216 -0.701513 0.524240 1.000000
-7.986736 -5.346893 1.077099 1.000000
-7.420804 -5.354879 1.044666 1.000000
-6.905650 -5.362149 1.015898 1.000000
-6.433632 -5.368811 0.990265 1.000000
-5.998534 -5.374951 0.967334 1.000000
-5.595240 -5.380643 0.946752 1.000000
-5.219504 -5.385945 0.928226 1.000000
-4.867767 -5.390909 0.911512 1.000000
-4.537018 -5.395577 0.896406 1.000000
-4.224696 -5.399984 0.882736 1.000000
-3.928600 -5.404163 0.870356 1.000000
-3.646829 -5.408140 0.859140 1.000000
-3.422876 -5.483693 0.854958 1.000000
-3.429428 -5.947956 0.883201 1.000000
-3.436847 -6.473647 0.915816 1.000000
-3.445339 -7.075389 0.953830 1.000000
-3.455182 -7.772807 0.998624 1.000000
3.544136 -7.870556 1.004485 1.000000
3.553635 -7.197429 0.961693 1.000000
3.561898 -6.611955 0.925119 1.000000
3.569167 -6.096882 0.893550 1.000000
3.575626 -5.639181 0.866072 1.000000
3.771702 -5.512834 0.866079 1.000000
4.062293 -5.516935 0.878015 1.000000
4.368376 -5.521254 0.891192 1.000000
4.692033 -5.525822 0.905748 1.000000
5.035685 -5.530672 0.921845 1.000000
5.402164 -5.535844 0.939675 1.000000
5.794812 -5.541385 0.959466 1.000000
6.217604 -5.547352 0.981491 1.000000
6.675310 -5.553811 1.006079 1.000000
7.173706 -5.560845 1.033631 1.000000
8.512369 -3.070165 1.030385 1.000000
8.517020 -2.740598 1.023062 1.000000
8.521571 -2.418154 1.016654 1.000000
8.526035 -2.101841 1.011119 1.000000
8.530425 -1.790736 1.006420 1.000000
8.534755 -1.483970 1.002526 1.000000
8.539034 -1.180718 0.999414 1.000000
8.543275 -0.880194 0.997063 1.000000
8.547489 -0.581636 0.995459 1.000000
8.551685 -0.284303 0.994592 1.000000
8.555874 0.012534 0.994457 1.000000
8.560066 0.309598 0.995053 1.000000
8.564272 0.607618 0.996383 1.000000
8.568502 0.907328 0.998457 1.000000
8.572766 1.209481 1.001285 1.000000
8.577076 1.514853 1.004888 1.000000
8.581442 1.824256 1.009286 1.000000
8.585877 2.138538 1.014508 1.000000
8.590394 2.458604 1.020588 1.000000
8.595006 2.785416 1.027567 1.000000
7.528148 5.435249 1.044951 1.000000
7.012768 5.442522 1.016171 1.000000
6.540543 5.449186 0.990527 1.000000
6.105253 5.455329 0.967586 1.000000
5.701782 5.461023 0.946994 1.000000
5.325881 5.466328 0.928460 1.000000
4.973989 5.471294 0.911739 1.000000
4.559639 5.377132 0.887508 1.000000
4.261360 5.392273 0.875050 1.000000
4.034409 5.484554 0.870565 1.000000
3.685247 5.389472 0.850903 1.000000
3.420922 5.393202 0.840925 1.000000
3.263655 5.561932 0.845362 1.000000
3.342400 6.181095 0.886183 1.000000
3.350409 6.748601 0.922034 1.000000
3.359691 7.406337 0.964279 1.000000
3.370606 8.179729 1.014708 1.000000
-1.685785 5.444629 0.795260 1.000000
-1.868751 5.367844 0.794298 1.000000
-2.746262 7.027554 0.925662 1.000000
-2.755157 6.397224 0.884944 1.000000
-2.623964 5.569215 0.828077 1.000000
-2.776339 5.398560 0.822187 1.000000
-3.077657 5.498946 0.838629 1.000000
-3.392251 5.589363 0.855468 1.000000
-3.669278 5.593273 0.866286 1.000000
-3.959997 5.597375 0.878228 1.000000
-4.266214 5.601697 0.891410 1.000000
-4.590014 5.606266 0.905973 1.000000
-4.933816 5.611118 0.922077 1.000000
-5.300456 5.616293 0.939915 1.000000
-5.693277 5.621836 0.959715 1.000000
-6.116255 5.627806 0.981749 1.000000
-6.574162 5.634268 1.006348 1.000000
-7.072778 5.641304 1.033912 1.000000
-7.619177 5.649016 1.064934 1.000000
-1.603281 0.852735 0.525021 1.000000
-1.605231 0.714583 0.521155 1.000000
-1.607077 0.583790 0.518095 1.000000
-1.797903 0.506359 0.529500 1.000000
-3.074537 0.713748 0.620470 1.000000
-3.044955 0.595024 0.616801 1.000000
-8.827476 1.315125 1.027367 1.000000
-8.831913 1.000702 1.024907 1.000000
-8.836321 0.688336 1.023229 1.000000
-8.840711 0.377253 1.022322 1.000000
-8.845094 0.066688 1.325062 1.000000
-8.849481 -0.244115 1.325987 1.000000
-8.853881 -0.555917 1.328051 1.000000
-8.858306 -0.869487 1.331268 1.000000
-8.862767 -1.185614 1.335657 1.000000
-8.867276 -1.505110 1.341245 1.000000
-1.912155 -0.372116 0.604772 1.000000
-7.986736 -5.346893 1.406502 1.000000
-7.420804 -5.354879 1.358405 1.000000
-6.905650 -5.362149 1.315746 1.000000
-6.433632 -5.368811 1.277734 1.000000
-5.998534 -5.374951 1.243729 1.000000
-5.595240 -5.380643 1.213207 1.000000
-5.219504 -5.385945 1.185734 1.000000
-4.867767 -5.390909 1.160949 1.000000
-4.537018 -5.395577 1.138548 1.000000
-4.224696 -5.399984 1.118277 1.000000
-3.928600 -5.404163 1.099918 1.000000
-3.646829 -5.408140 1.083285 1.000000
-3.422876 -5.483693 1.077083 1.000000
-3.429428 -5.947956 1.118966 1.000000
-3.436847 -6.473647 1.167331 1.000000
-3.445339 -7.075389 1.223703 1.000000
-3.455182 -7.772807 1.290129 1.000000
3.544136 -7.870556 1.298821 1.000000
3.553635 -7.197429 1.235364 1.000000
3.561898 -6.611955 1.181127 1.000000
3.569167 -6.096882 1.134313 1.000000
3.575626 -5.639181 1.093564 1.000000
3.771702 -5.512834 1.093575 1.000000
4.062293 -5.516935 1.111276 1.000000
4.368376 -5.521254 1.130816 1.000000
4.692033 -5.525822 1.152402 1.000000
5.035685 -5.530672 1.176273 1.000000
5.402164 -5.535844 1.202713 1.000000
5.794812 -5.541385 1.232062 1.000000
6.217604 -5.547352 1.264723 1.000000
6.675310 -5.553811 1.301185 1.000000
7.173706 -5.560845 1.342043 1.000000
8.512369 -3.070165 1.337229 1.000000
8.517020 -2.740598 1.326369 1.000000
8.521571 -2.418154 1.316867 1.000000
8.526035 -2.101841 1.308658 1.000000
8.530425 -1.790736 1.301690 1.000000
8.534755 -1.483970 1.295916 1.000000
8.539034 -1.180718 1.291301 1.000000
8.543275 -0.880194 1.287814 1.000000
8.547489 -0.581636 1.285436 1.000000
8.551685 -0.284303 1.284150 1.000000
8.555874 0.012534 1.283950 1.000000
8.560066 0.309598 1.284834 1.000000
8.564272 0.607618 1.286807 1.000000
8.568502 0.907328 1.289881 1.000000
8.572766 1.209481 1.294076 1.000000
8.577076 1.514853 1.299418 1.000000
8.581442 1.824256 1.305940 1.000000
8.585877 2.138538 1.313684 1.000000
8.590394 2.458604 1.322700 1.000000
8.595006 2.785416 1.333050 1.000000
7.528148 5.435249 1.358829 1.000000
7.012768 5.442522 1.316150 1.000000
6.540543 5.449186 1.278122 1.000000
6.105253 5.455329 1.244102 1.000000
5.701782 5.461023 1.213566 1.000000
5.325881 5.466328 1.186081 1.000000
4.973989 5.471294 1.161285 1.000000
4.559639 5.377132 1.125353 1.000000
4.261360 5.392273 1.106879 1.000000
4.034409 5.484554 1.100227 1.000000
3.685247 5.389472 1.071071 1.000000
3.420922 5.393202 1.056274 1.000000
3.263655 5.561932 1.062854 1.000000
3.342400 6.181095 1.123388 1.000000
3.350409 6.748601 1.176552 1.000000
3.359691 7.406337 1.239199 1.000000
3.370606 8.179729 1.313980 1.000000
-1.685785 5.444629 0.988557 1.000000
-1.868751 5.367844 0.987130 1.000000
-2.746262 7.027554 1.181933 1.000000
-2.755157 6.397224 1.121551 1.000000
-2.623964 5.569215 1.037221 1.000000
-2.776339 5.398560 1.028487 1.000000
-3.077656 5.498946 1.052869 1.000000
-3.392251 5.589363 1.077840 1.000000
-3.669278 5.593273 1.093882 1.000000
-3.959997 5.597375 1.111591 1.000000
-4.266214 5.601697 1.131140 1.000000
-4.590014 5.606266 1.152735 1.000000
-4.933816 5.611118 1.176616 1.000000
-5.300456 5.616293 1.203068 1.000000
-5.693277 5.621836 1.232430 1.000000
-6.116255 5.627806 1.265105 1.000000
-6.574162 5.634268 1.301584 1.000000
-7.072778 5.641304 1.342459 1.000000
-7.619177 5.649016 1.388463 1.000000
-8.818469 1.953354 1.343622 1.000000
-8.822998 1.632401 1.337582 1.000000
-8.827476 1.315125 1.332753 1.000000
-8.831913 1.000702 1.329105 1.000000
-8.836321 0.688336 1.326617 1.000000
-8.840711 0.377253 1.325272 1.000000
-8.845094 0.066688 1.630091 1.000000
-8.849481 -0.244115 1.631319 1.000000
-8.853881 -0.555917 1.634060 1.000000
-8.858306 -0.869487 1.638332 1.000000
-8.862767 -1.185614 1.644160 1.000000
-8.867276 -1.505110 1.651581 1.000000
-1.634905 -0.376029 0.636158 1.000000
-1.621458 -0.435234 0.636456 1.000000
-1.623287 -0.564869 0.642208 1.000000
-1.625216 -0.701513 0.649512 1.000000
-7.986736 -5.346893 1.738241 1.000000
-7.420804 -5.354879 1.674370 1.000000
-6.905650 -5.362149 1.617719 1.000000
-6.433632 -5.368811 1.567241 1.000000
-5.998534 -5.374951 1.522084 1.000000
-5.595240 -5.380643 1.481551 1.000000
-5.219504 -5.385945 1.445068 1.000000
-4.867767 -5.390909 1.412154 1.000000
-4.537018 -5.395577 1.382407 1.000000
-4.224696 -5.399984 1.355488 1.000000
-3.928600 -5.404163 1.331107 1.000000
-3.646829 -5.408140 1.309020 1.000000
-3.422876 -5.483693 1.300784 1.000000
-3.429428 -5.947956 1.356403 1.000000
-3.436847 -6.473647 1.420630 1.000000
-3.445339 -7.075389 1.495490 1.000000
-3.455182 -7.772807 1.583701 1.000000
3.544136 -7.870556 1.595244 1.000000
3.553635 -7.197429 1.510975 1.000000
3.561898 -6.611955 1.438950 1.000000
3.569167 -6.096882 1.376783 1.000000
3.575626 -5.639181 1.322670 1.000000
3.771702 -5.512834 1.322684 1.000000
4.062293 -5.516935 1.346190 1.000000
4.368376 -5.521254 1.372139 1.000000
4.692033 -5.525822 1.400804 1.000000
5.035685 -5.530672 1.432504 1.000000
5.402164 -5.535844 1.467616 1.000000
5.794812 -5.541385 1.506590 1.000000
6.217604 -5.547352 1.549962 1.000000
6.675310 -5.553811 1.598383 1.000000
7.173706 -5.560845 1.652641 1.000000
8.512369 -3.070165 1.646248 1.000000
8.517020 -2.740598 1.631826 1.000000
8.521571 -2.418154 1.619208 1.000000
8.526035 -2.101841 1.608307 1.000000
8.530425 -1.790736 1.599053 1.000000
8.534755 -1.483970 1.591386 1.000000
8.539034 -1.180718 1.585257 1.000000
8.543275 -0.880194 1.580627 1.000000
8.547489 -0.581636 1.577469 1.000000
8.551685 -0.284303 1.575762 1.000000
8.555874 0.012534 1.575496 1.000000
8.560066 0.309598 1.576669 1.000000
8.564272 0.607618 1.579289 1.000000
8.568502 0.907328 1.583372 1.000000
8.572766 1.209481 1.588943 1.000000
8.577076 1.514853 1.596036 1.000000
8.581442 1.824256 1.604697 1.000000
8.585877 2.138538 1.614981 1.000000
8.590394 2.458604 1.626955 1.000000
8.595006 2.785416 1.640699 1.000000
7.528148 5.435249 1.674932 1.000000
7.012768 5.442522 1.618257 1.000000
6.540543 5.449186 1.567756 1.000000
6.105253 5.455329 1.522579 1.000000
5.701782 5.461023 1.482029 1.000000
5.325881 5.466328 1.445529 1.000000
4.973989 5.471294 1.412601 1.000000
4.559639 5.377132 1.364884 1.000000
4.261360 5.392273 1.340351 1.000000
4.034409 5.484554 1.331518 1.000000
3.685247 5.389472 1.292799 1.000000
3.420922 5.393202 1.273149 1.000000
3.263655 5.561932 1.281888 1.000000
3.342400 6.181095 1.362275 1.000000
3.350409 6.748601 1.432875 1.000000
3.359691 7.406337 1.516067 1.000000
3.370606 8.179728 1.615374 1.000000
-1.685785 5.444629 1.183224 1.000000
-1.868751 5.367844 1.181329 1.000000
-2.746262 7.027554 1.440020 1.000000
-2.755157 6.397224 1.359835 1.000000
-2.623964 5.569215 1.247848 1.000000
-2.776339 5.398560 1.236249 1.000000
-3.077656 5.498946 1.268629 1.000000
-3.392251 5.589363 1.301788 1.000000
-3.669278 5.593273 1.323092 1.000000
-3.959997 5.597375 1.346608 1.000000
-4.266214 5.601697 1.372569 1.000000
-4.590014 5.606266 1.401247 1.000000
-4.933816 5.611118 1.432960 1.000000
-5.300456 5.616293 1.468088 1.000000
-5.693277 5.621836 1.507078 1.000000
-6.116255 5.627806 1.550470 1.000000
-6.574162 5.634268 1.598912 1.000000
-7.072778 5.641304 1.653194 1.000000
-7.619177 5.649016 1.714284 1.000000
-1.603281 0.852735 0.651049 1.000000
-1.605231 0.714583 0.643436 1.000000
-1.607077 0.583790 0.637410 1.000000
-1.797903 0.506359 0.659870 1.000000
-8.818469 1.953354 1.654738 1.000000
-8.822998 1.632401 1.646716 1.000000
-8.827476 1.315125 1.640304 1.000000
-8.831913 1.000702 1.635460 1.000000
-8.836321 0.688336 1.632155 1.000000
-8.840711 0.377253 1.630369 1.000000
-8.845094 0.066688 1.937995 1.000000
-8.849481 -0.244115 1.939529 1.000000
-8.853881 -0.555917 1.942954 1.000000
-8.858306 -0.869487 1.948290 1.000000
-8.862767 -1.185614 1.955572 1.000000
-8.867276 -1.505110 1.964843 1.000000
-1.912155 -0.372116 0.743018 1.000000
-7.986736 -5.346893 2.073106 1.000000
-7.420804 -5.354879 1.993312 1.000000
-6.905650 -5.362149 1.922539 1.000000
-6.433632 -5.368811 1.859477 1.000000
-5.998534 -5.374951 1.803062 1.000000
-5.595240 -5.380643 1.752425 1.000000
-5.219504 -5.385945 1.706847 1.000000
-4.867767 -5.390909 1.665727 1.000000
-4.537018 -5.395577 1.628565 1.000000
-4.224696 -5.399984 1.594934 1.000000
-3.928600 -5.404163 1.564476 1.000000
-3.646829 -5.408140 1.536882 1.000000
-3.422876 -5.483693 1.526593 1.000000
-3.429428 -5.947956 1.596077 1.000000
-3.436847 -6.473647 1.676316 1.000000
-3.445339 -7.075389 1.769839 1.000000
-3.455182 -7.772807 1.880040 1.000000
3.544136 -7.870556 1.894462 1.000000
3.553635 -7.197429 1.789184 1.000000
3.561898 -6.611955 1.699204 1.000000
3.569167 -6.096882 1.621539 1.000000
3.575626 -5.639180 1.553936 1.000000
3.771702 -5.512834 1.553953 1.000000
4.062293 -5.516935 1.583319 1.000000
4.368376 -5.521254 1.615737 1.000000
4.692033 -5.525822 1.651548 1.000000
5.035685 -5.530672 1.691150 1.000000
5.402164 -5.535844 1.735016 1.000000
5.794812 -5.541385 1.783705 1.000000
6.217604 -5.547352 1.837891 1.000000
6.675310 -5.553811 1.898383 1.000000
7.173706 -5.560845 1.966166 1.000000
8.512369 -3.070165 1.958180 1.000000
8.517020 -2.740598 1.940163 1.000000
8.521571 -2.418154 1.924399 1.000000
8.526035 -2.101841 1.910781 1.000000
8.530425 -1.790736 1.899220 1.000000
8.534755 -1.483970 1.889642 1.000000
8.539034 -1.180718 1.881984 1.000000
8.543275 -0.880194 1.876201 1.000000
8.547489 -0.581636 1.872255 1.000000
8.551685 -0.284303 1.870122 1.000000
8.555874 0.012534 1.869790 1.000000
8.560066 0.309598 1.871256 1.000000
8.564272 0.607618 1.874529 1.000000
8.568502 0.907328 1.879630 1.000000
8.572766 1.209481 1.886589 1.000000
8.577076 1.514853 1.895451 1.000000
8.581442 1.824256 1.906271 1.000000
8.585877 2.138538 1.919118 1.000000
8.590394 2.458604 1.934077 1.000000
8.595006 2.785416 1.951248 1.000000
7.528148 5.435249 1.994015 1.000000
7.012768 5.442522 1.923211 1.000000
6.540543 5.449186 1.860120 1.000000
6.105253 5.455329 1.803681 1.000000
5.701782 5.461023 1.753022 1.000000
5.325881 5.466328 1.707423 1.000000
4.973989 5.471294 1.666286 1.000000
4.559639 5.377132 1.606673 1.000000
4.261360 5.392273 1.576025 1.000000
4.034409 5.484554 1.564990 1.000000
3.685247 5.389472 1.516618 1.000000
3.420922 5.393202 1.492069 1.000000
3.263655 5.561932 1.502987 1.000000
3.342400 6.181095 1.603413 1.000000
3.350409 6.748601 1.691615 1.000000
3.359691 7.406337 1.795546 1.000000
3.370606 8.179728 1.919610 1.000000
-1.685785 5.444629 1.379726 1.000000
-1.868751 5.367844 1.377358 1.000000
-2.746262 7.027554 1.700541 1.000000
-2.755157 6.397224 1.600366 1.000000
-2.623964 5.569215 1.460461 1.000000
-2.776339 5.398560 1.445971 1.000000
-3.077656 5.498946 1.486422 1.000000
-3.392251 5.589363 1.527848 1.000000
-3.669278 5.593273 1.554463 1.000000
-3.959997 5.597375 1.583842 1.000000
-4.266214 5.601697 1.616274 1.000000
-4.590014 5.606266 1.652101 1.000000
-4.933816 5.611118 1.691720 1.000000
-5.300456 5.616293 1.735605 1.000000
-5.693277 5.621836 1.784316 1.000000
-6.116255 5.627806 1.838526 1.000000
-6.574162 5.634268 1.899044 1.000000
-7.072778 5.641304 1.966858 1.000000
-7.619176 5.649016 2.043178 1.000000
-1.797903 0.506359 0.725902 1.000000
-8.818469 1.953354 1.968787 1.000000
-8.822998 1.632401 1.958765 1.000000
-8.827476 1.315125 1.950754 1.000000
-8.831913 1.000702 1.944703 1.000000
-8.836321 0.688336 1.940574 1.000000
-8.840711 0.377253 1.938343 1.000000
-8.845094 0.066688 2.249530 1.000000
-8.849481 -0.244115 2.251373 1.000000
-8.853881 -0.555917 2.255489 1.000000
-8.858306 -0.869487 2.261903 1.000000
-8.862767 -1.185614 2.270655 1.000000
-8.867276 -1.505110 2.281798 1.000000
-1.634905 -0.376029 0.757108 1.000000
-1.621458 -0.435234 0.757555 1.000000
-1.623287 -0.564869 0.766193 1.000000
-1.625216 -0.701513 0.777160 1.000000
-7.986736 -5.346893 2.411920 1.000000
-7.420804 -5.354879 2.316016 1.000000
-6.905650 -5.362149 2.230953 1.000000
-6.433632 -5.368811 2.155158 1.000000
-5.998534 -5.374951 2.087353 1.000000
-5.595240 -5.380643 2.026493 1.000000
-5.219504 -5.385945 1.971712 1.000000
-4.867767 -5.390909 1.922290 1.000000
-4.537018 -5.395577 1.877624 1.000000
-4.224696 -5.399984 1.837204 1.000000
-3.928600 -5.404163 1.800596 1.000000
-3.646829 -5.408140 1.767431 1.000000
-3.422876 -5.483693 1.755064 1.000000
-3.429428 -5.947956 1.838578 1.000000
-3.436847 -6.473647 1.935018 1.000000
-3.445339 -7.075389 2.047422 1.000000
-3.455182 -7.772807 2.179874 1.000000
3.544136 -7.870556 2.197207 1.000000
3.553635 -7.197429 2.070673 1.000000
3.561898 -6.611955 1.962526 1.000000
3.569167 -6.096882 1.869180 1.000000
3.575626 -5.639180 1.787928 1.000000
3.771702 -5.512834 1.787949 1.000000
4.062293 -5.516935 1.823244 1.000000
4.368376 -5.521254 1.862207 1.000000
4.692033 -5.525822 1.905249 1.000000
5.035685 -5.530672 1.952846 1.000000
5.402164 -5.535844 2.005568 1.000000
5.794812 -5.541385 2.064089 1.000000
6.217604 -5.547352 2.129214 1.000000
6.675310 -5.553811 2.201919 1.000000
7.173706 -5.560845 2.283389 1.000000
8.512369 -3.070165 2.273790 1.000000
8.517020 -2.740598 2.252135 1.000000
8.521571 -2.418154 2.233188 1.000000
8.526035 -2.101841 2.216821 1.000000
8.530425 -1.790736 2.202926 1.000000
8.534755 -1.483970 2.191414 1.000000
8.539034 -1.180718 2.182210 1.000000
8.543275 -0.880194 2.175259 1.000000
8.547489 -0.581636 2.170516 1.000000
8.551685 -0.284303 2.167953 1.000000
8.555874 0.012534 2.167553 1.000000
8.560066 0.309598 2.169315 1.000000
8.564272 0.607618 2.173249 1.000000
8.568502 0.907328 2.179380 1.000000
8.572766 1.209481 2.187745 1.000000
8.577076 1.514853 2.198396 1.000000
8.581442 1.824256 2.211400 1.000000
8.585877 2.138538 2.226842 1.000000
8.590394 2.458604 2.244821 1.000000
8.595006 2.785416 2.265458 1.000000
7.528148 5.435249 2.316860 1.000000
7.012768 5.442522 2.231760 1.000000
6.540543 5.449186 2.155932 1.000000
6.105253 5.455329 2.088097 1.000000
5.701782 5.461023 2.027210 1.000000
5.325881 5.466328 1.972405 1.000000
4.973989 5.471294 1.922962 1.000000
4.559639 5.377132 1.851313 1.000000
4.261360 5.392273 1.814477 1.000000
4.034409 5.484554 1.801214 1.000000
3.685247 5.389472 1.743076 1.000000
3.420922 5.393202 1.713571 1.000000
3.263655 5.561932 1.726692 1.000000
3.342400 6.181095 1.847395 1.000000
3.350409 6.748601 1.953404 1.000000
3.359691 7.406337 2.078320 1.000000
3.370606 8.179728 2.227432 1.000000
-1.685785 5.444629 1.578544 1.000000
-1.868751 5.367844 1.575699 1.000000
-2.746262 7.027554 1.964133 1.000000
-2.755157 6.397224 1.843733 1.000000
-2.623964 5.569215 1.675580 1.000000
-2.776339 5.398560 1.658164 1.000000
-3.077656 5.498946 1.706783 1.000000
-3.392251 5.589363 1.756573 1.000000
-3.669278 5.593273 1.788561 1.000000
-3.959997 5.597375 1.823872 1.000000
-4.266214 5.601697 1.862853 1.000000
-4.590014 5.606266 1.905913 1.000000
-4.933816 5.611118 1.953532 1.000000
-5.300456 5.616293 2.006277 1.000000
-5.693277 5.621836 2.064823 1.000000
-6.116255 5.627806 2.129977 1.000000
-6.574162 5.634268 2.202714 1.000000
-7.072778 5.641304 2.284219 1.000000
-7.619176 5.649016 2.375949 1.000000
-1.603281 0.852735 0.779468 1.000000
-1.605231 0.714583 0.768037 1.000000
-1.607077 0.583790 0.758989 1.000000
-8.818469 1.953354 2.286538 1.000000
-8.822998 1.632401 2.274493 1.000000
-8.827476 1.315125 2.264864 1.000000
-8.831913 1.000702 2.257591 1.000000
-8.836321 0.688336 2.252629 1.000000
-8.840711 0.377253 2.249947 1.000000
-1.895080 0.045059 0.870001 1.000000
-1.890760 -0.090780 0.870001 1.000000
-1.876974 -0.225986 0.870001 1.000000
-1.853791 -0.359901 0.870001 1.000000
-1.625216 -0.701513 0.842269 1.000000
-7.986736 -5.346893 2.755540 1.000000
-7.420804 -5.354879 2.643297 1.000000
-6.905650 -5.362149 2.543743 1.000000
-6.433632 -5.368811 2.455035 1.000000
-5.998534 -5.374951 2.375678 1.000000
-5.595240 -5.380643 2.304449 1.000000
-5.219504 -5.385945 2.240335 1.000000
-4.867767 -5.390909 2.182494 1.000000
-4.537018 -5.395577 2.130218 1.000000
-4.224696 -5.399984 2.082911 1.000000
-3.928600 -5.404163 2.040066 1.000000
-3.646829 -5.408140 2.001251 1.000000
-3.422876 -5.483693 1.986778 1.000000
-3.429428 -5.947956 2.084519 1.000000
-3.436847 -6.473647 2.197389 1.000000
-3.445339 -7.075389 2.328944 1.000000
-3.455182 -7.772807 2.483961 1.000000
3.544136 -7.870556 2.504247 1.000000
3.553635 -7.197429 2.356156 1.000000
3.561898 -6.611955 2.229585 1.000000
3.569167 -6.096882 2.120335 1.000000
3.575626 -5.639180 2.025240 1.000000
3.771702 -5.512834 2.025265 1.000000
4.062293 -5.516935 2.066572 1.000000
4.368376 -5.521254 2.112174 1.000000
4.692033 -5.525822 2.162548 1.000000
5.035685 -5.530672 2.218255 1.000000
5.402164 -5.535844 2.279960 1.000000
5.794812 -5.541385 2.348450 1.000000
6.217604 -5.547352 2.424671 1.000000
6.675310 -5.553811 2.509763 1.000000
7.173707 -5.560845 2.605112 1.000000
8.512369 -3.070165 2.593878 1.000000
8.517020 -2.740598 2.568534 1.000000
8.521571 -2.418154 2.546359 1.000000
8.526035 -2.101841 2.527203 1.000000
8.530425 -1.790736 2.510941 1.000000
8.534755 -1.483970 2.497467 1.000000
8.539034 -1.180718 2.486696 1.000000
8.543275 -0.880194 2.478560 1.000000
8.547489 -0.581636 2.473009 1.000000
8.551685 -0.284303 2.470009 1.000000
8.555874 0.012534 2.469542 1.000000
8.560066 0.309598 2.471604 1.000000
8.564272 0.607618 2.476208 1.000000
8.568502 0.907328 2.483383 1.000000
8.572766 1.209481 2.493173 1.000000
8.577076 1.514853 2.505639 1.000000
8.581442 1.824256 2.520859 1.000000
8.585877 2.138538 2.538931 1.000000
8.590394 2.458604 2.559973 1.000000
8.595006 2.785416 2.584126 1.000000
7.317790 2.657941 2.279128 1.000000
7.528148 5.435249 2.644285 1.000000
7.012768 5.442522 2.544687 1.000000
6.540543 5.449186 2.455940 1.000000
6.105253 5.455329 2.376549 1.000000
5.701782 5.461023 2.305288 1.000000
5.325881 5.466328 2.241146 1.000000
4.973989 5.471294 2.183279 1.000000
4.559639 5.377132 2.099424 1.000000
4.252860 5.381461 2.052957 1.000000
3.962018 5.385566 2.010872 1.000000
3.685247 5.389472 1.972746 1.000000
3.420922 5.393202 1.938215 1.000000
3.263655 5.561932 1.953572 1.000000
3.342400 6.181095 2.094838 1.000000
3.350409 6.748601 2.218908 1.000000
3.359691 7.406337 2.365105 1.000000
3.370606 8.179728 2.539622 1.000000
-1.685785 5.444629 1.780184 1.000000
-1.868751 5.367844 1.776854 1.000000
-2.746262 7.027554 2.231465 1.000000
-2.755157 6.397224 2.090552 1.000000
-2.623964 5.569215 1.893752 1.000000
-2.776339 5.398560 1.873369 1.000000
-3.077656 5.498946 1.930270 1.000000
-3.392251 5.589363 1.988543 1.000000
-3.669278 5.593273 2.025981 1.000000
-3.959997 5.597375 2.067307 1.000000
-4.266214 5.601697 2.112930 1.000000
-4.590014 5.606266 2.163326 1.000000
-4.933816 5.611118 2.219057 1.000000
-5.300456 5.616293 2.280788 1.000000
-5.693277 5.621836 2.349309 1.000000
-6.116255 5.627806 2.425563 1.000000
-6.574162 5.634268 2.510693 1.000000
-7.072778 5.641304 2.606084 1.000000
-7.619176 5.649016 2.713441 1.000000
-1.603281 0.852735 0.844970 1.000000
-1.797903 0.506359 0.860471 1.000000
-1.864447 0.383079 0.870001 1.000000
-1.883780 0.248554 0.870001 1.000000
-1.893683 0.113008 0.870001 1.000000
-1.644076 0.044278 0.870001 1.000000
-1.635336 -0.133043 0.870001 1.000000
-1.619225 -0.250328 0.870001 1.000000
-1.620572 -0.372503 0.877385 1.000000
-1.622362 -0.499288 0.887554 1.000000
-1.623287 -0.564869 0.893725 1.000000
-7.986736 -5.346893 3.104874 1.000000
-7.420804 -5.354879 2.976020 1.000000
-6.905650 -5.362149 2.861733 1.000000
-6.433632 -5.368811 2.759897 1.000000
-5.998534 -5.374951 2.668796 1.000000
-5.595240 -5.380643 2.587026 1.000000
-5.219504 -5.385945 2.513424 1.000000
-4.867767 -5.390909 2.447023 1.000000
-4.537018 -5.395577 2.387011 1.000000
-4.224696 -5.399984 2.332703 1.000000
-3.928600 -5.404163 2.283518 1.000000
-3.646829 -5.408140 2.238959 1.000000
-3.422876 -5.483693 2.222343 1.000000
-3.429428 -5.947956 2.334549 1.000000
-3.436847 -6.473647 2.464123 1.000000
-3.445339 -7.075390 2.615146 1.000000
-3.455182 -7.772807 2.793104 1.000000
3.544136 -7.870556 2.816392 1.000000
3.553635 -7.197429 2.646385 1.000000
3.561898 -6.611955 2.501083 1.000000
3.569167 -6.096882 2.375665 1.000000
3.575626 -5.639180 2.266497 1.000000
3.771702 -5.512834 2.266526 1.000000
4.062293 -5.516935 2.313946 1.000000
4.368376 -5.521254 2.366297 1.000000
4.692033 -5.525822 2.424126 1.000000
5.035685 -5.530672 2.488077 1.000000
5.402164 -5.535844 2.558912 1.000000
5.794812 -5.541385 2.637538 1.000000
6.217604 -5.547352 2.725039 1.000000
6.675310 -5.553811 2.822724 1.000000
7.173707 -5.560845 2.932184 1.000000
8.512369 -3.070165 2.919287 1.000000
8.517020 -2.740598 2.890193 1.000000
8.521571 -2.418154 2.864736 1.000000
8.526035 -2.101841 2.842745 1.000000
8.530425 -1.790736 2.824076 1.000000
8.534755 -1.483970 2.808608 1.000000
8.539034 -1.180718 2.796243 1.000000
8.543275 -0.880194 2.786903 1.000000
8.547489 -0.581636 2.780531 1.000000
8.551685 -0.284303 2.777087 1.000000
8.555874 0.012534 2.776550 1.000000
8.560066 0.309598 2.778918 1.000000
8.564272 0.607618 2.784204 1.000000
8.568502 0.907328 2.792441 1.000000
8.572766 1.209481 2.803679 1.000000
8.577076 1.514853 2.817989 1.000000
8.581442 1.824256 2.835462 1.000000
8.585877 2.138538 2.856209 1.000000
8.590394 2.458604 2.880365 1.000000
8.595006 2.785416 2.908093 1.000000
7.317790 2.657941 2.557958 1.000000
6.743878 2.718486 2.413733 1.000000
7.528148 5.435249 2.977154 1.000000
7.012768 5.442522 2.862817 1.000000
6.540543 5.449186 2.760936 1.000000
6.105253 5.455329 2.669796 1.000000
5.701782 5.461023 2.587989 1.000000
5.325881 5.466328 2.514355 1.000000
4.973989 5.471294 2.447925 1.000000
4.643095 5.475964 2.387886 1.000000
4.330635 5.480374 2.333555 1.000000
3.962018 5.385566 2.250004 1.000000
3.685247 5.389472 2.206235 1.000000
3.420922 5.393202 2.166593 1.000000
3.263655 5.561932 2.184223 1.000000
3.342400 6.181095 2.346395 1.000000
3.350409 6.748601 2.488826 1.000000
3.359691 7.406337 2.656659 1.000000
3.370606 8.179728 2.857002 1.000000
-1.685785 5.444629 1.985176 1.000000
-1.868751 5.367844 1.981353 1.000000
-2.746262 7.027554 2.503241 1.000000
-2.755157 6.397224 2.341475 1.000000
-2.623964 5.569215 2.115551 1.000000
-2.776339 5.398560 2.092151 1.000000
-3.077656 5.498945 2.157473 1.000000
-3.392251 5.589363 2.224370 1.000000
-3.669278 5.593273 2.267349 1.000000
-3.959997 5.597375 2.314790 1.000000
-4.266214 5.601697 2.367164 1.000000
-4.590014 5.606266 2.425018 1.000000
-4.933816 5.611118 2.488997 1.000000
-5.300456 5.616293 2.559864 1.000000
-5.693277 5.621836 2.638525 1.000000
-6.116255 5.627806 2.726064 1.000000
-6.574162 5.634268 2.823791 1.000000
-7.072778 5.641304 2.933300 1.000000
-7.619176 5.649016 3.056545 1.000000
-1.605231 0.714583 0.896203 1.000000
-1.607077 0.583790 0.884045 1.000000
-1.609704 0.397620 0.871087 1.000000
-1.626835 0.280279 0.870001 1.000000
-1.639576 0.162579 0.870001 1.000000
-1.614692 0.044186 0.923094 1.000000
-1.624237 -0.632196 0.967111 1.000000
-1.625216 -0.701513 0.975917 1.000000
-7.986736 -5.346893 3.460882 1.000000
-7.420804 -5.354879 3.315101 1.000000
-6.905650 -5.362149 3.185799 1.000000
-6.433632 -5.368811 3.070585 1.000000
-5.998534 -5.374951 2.967516 1.000000
-5.595240 -5.380643 2.875003 1.000000
-5.219504 -5.385945 2.791731 1.000000
-4.867767 -5.390909 2.716607 1.000000
-4.537018 -5.395577 2.648711 1.000000
-4.224696 -5.399984 2.587268 1.000000
-3.928600 -5.404163 2.531621 1.000000
-3.646829 -5.408140 2.481208 1.000000
-3.422876 -5.483693 2.462410 1.000000
-3.429428 -5.947956 2.589357 1.000000
-3.436847 -6.473647 2.735953 1.000000
-3.445339 -7.075390 2.906817 1.000000
-3.455182 -7.772807 3.108154 1.000000
3.544136 -7.870556 3.134501 1.000000
3.553635 -7.197429 2.942160 1.000000
3.561898 -6.611955 2.777769 1.000000
3.569167 -6.096882 2.635874 1.000000
3.575626 -5.639180 2.512365 1.000000
3.771702 -5.512834 2.512397 1.000000
4.062293 -5.516935 2.566048 1.000000
4.368376 -5.521254 2.625276 1.000000
4.692033 -5.525822 2.690702 1.000000
5.035685 -5.530672 2.763054 1.000000
5.402164 -5.535844 2.843196 1.000000
5.794812 -5.541385 2.932151 1.000000
6.217604 -5.547352 3.031148 1.000000
6.675310 -5.553811 3.141665 1.000000
7.173707 -5.560845 3.265506 1.000000
8.512369 -3.070165 3.250914 1.000000
8.517020 -2.740598 3.217998 1.000000
8.521571 -2.418154 3.189197 1.000000
8.526035 -2.101841 3.164317 1.000000
8.530425 -1.790736 3.143196 1.000000
8.534755 -1.483970 3.125696 1.000000
8.539034 -1.180718 3.111706 1.000000
8.543275 -0.880194 3.101139 1.000000
8.547489 -0.581636 3.093930 1.000000
8.551685 -0.284303 3.090033 1.000000
8.555874 0.012534 3.089426 1.000000
8.560066 0.309598 3.092104 1.000000
8.564272 0.607618 3.098085 1.000000
8.568502 0.907328 3.107404 1.000000
8.572766 1.209481 3.120119 1.000000
8.577076 1.514853 3.136309 1.000000
8.581442 1.824256 3.156077 1.000000
8.585877 2.138538 3.179549 1.000000
8.590394 2.458604 3.206879 1.000000
8.595006 2.785416 3.238249 1.000000
6.743878 2.718486 2.678943 1.000000
7.528148 5.435249 3.316384 1.000000
7.012768 5.442522 3.187026 1.000000
6.540543 5.449186 3.071761 1.000000
6.105253 5.455329 2.968646 1.000000
5.701782 5.461023 2.876093 1.000000
5.325881 5.466328 2.792785 1.000000
4.973989 5.471294 2.717627 1.000000
4.643095 5.475964 2.649701 1.000000
4.330635 5.480374 2.588232 1.000000
4.034409 5.484554 2.532561 1.000000
3.752514 5.488532 2.482125 1.000000
3.483295 5.492332 2.436445 1.000000
3.335403 5.685315 2.464504 1.000000
3.342400 6.181095 2.602760 1.000000
3.350409 6.748601 2.763902 1.000000
3.359691 7.406337 2.953784 1.000000
3.370606 8.179728 3.180447 1.000000
-1.685785 5.444629 2.194085 1.000000
-1.868751 5.367844 2.189760 1.000000
-2.746262 7.027554 2.780210 1.000000
-2.755157 6.397224 2.597192 1.000000
-2.623964 5.569215 2.341588 1.000000
-2.776339 5.398560 2.315114 1.000000
-3.077656 5.498945 2.389017 1.000000
-3.392251 5.589363 2.464703 1.000000
-3.669278 5.593273 2.513328 1.000000
-3.959997 5.597375 2.567002 1.000000
-4.266214 5.601697 2.626256 1.000000
-4.590014 5.606266 2.691711 1.000000
-4.933816 5.611118 2.764096 1.000000
-5.300456 5.616293 2.844272 1.000000
-5.693277 5.621836 2.933267 1.000000
-6.116255 5.627806 3.032307 1.000000
-6.574162 5.634268 3.142873 1.000000
-7.072778 5.641304 3.266768 1.000000
-7.619176 5.649016 3.406204 1.000000
-1.603281 0.852735 0.979424 1.000000
-1.605231 0.714583 0.962048 1.000000
-1.613048 0.160641 0.923977 1.000000
-1.617167 -0.131190 0.989686 1.000000
-1.618847 -0.250263 0.996023 1.000000
-1.620572 -0.372503 1.005504 1.000000
-1.622362 -0.499288 1.018373 1.000000
-7.986736 -5.346893 3.824598 1.000000
-7.420804 -5.354879 3.661521 1.000000
-6.905650 -5.362149 3.516880 1.000000
-6.433632 -5.368811 3.387997 1.000000
-5.998533 -5.374951 3.272701 1.000000
-5.595240 -5.380643 3.169213 1.000000
-5.219504 -5.385945 3.076063 1.000000
-4.867767 -5.390909 2.992026 1.000000
-4.537018 -5.395577 2.916076 1.000000
-4.224696 -5.399984 2.847344 1.000000
-3.928600 -5.404163 2.785096 1.000000
-3.646829 -5.408140 2.728702 1.000000
-3.422876 -5.483693 2.707673 1.000000
-3.429428 -5.947956 2.849680 1.000000
-3.436847 -6.473647 3.013668 1.000000
-3.445339 -7.075390 3.204802 1.000000
-3.455182 -7.772807 3.430024 1.000000
3.544136 -7.870556 3.459497 1.000000
3.553635 -7.197429 3.244338 1.000000
3.561898 -6.611955 3.060444 1.000000
3.569167 -6.096882 2.901716 1.000000
3.575626 -5.639180 2.763554 1.000000
3.771702 -5.512834 2.763590 1.000000
4.062293 -5.516935 2.823606 1.000000
4.368376 -5.521254 2.889860 1.000000
4.692033 -5.525822 2.963048 1.000000
5.035685 -5.530672 3.043984 1.000000
5.402164 -5.535844 3.133633 1.000000
5.794812 -5.541385 3.233141 1.000000
6.217604 -5.547352 3.343882 1.000000
6.675310 -5.553811 3.467511 1.000000
7.173707 -5.560845 3.606042 1.000000
8.512369 -3.070165 3.589720 1.000000
8.517020 -2.740598 3.552899 1.000000
8.521571 -2.418154 3.520681 1.000000
8.526035 -2.101841 3.492850 1.000000
8.530425 -1.790736 3.469223 1.000000
8.534755 -1.483970 3.449646 1.000000
8.539034 -1.180718 3.433997 1.000000
8.543275 -0.880194 3.422177 1.000000
8.547489 -0.581636 3.414112 1.000000
8.551685 -0.284303 3.409753 1.000000
8.555874 0.012534 3.409074 1.000000
8.560066 0.309598 3.412070 1.000000
8.564272 0.607618 3.418760 1.000000
8.568502 0.907328 3.429184 1.000000
8.572766 1.209481 3.443408 1.000000
8.577076 1.514853 3.461519 1.000000
8.581442 1.824256 3.483632 1.000000
8.585877 2.138538 3.509889 1.000000
8.590394 2.458604 3.540461 1.000000
8.595006 2.785416 3.575553 1.000000
7.528148 5.435249 3.662957 1.000000
7.012768 5.442522 3.518253 1.000000
6.540543 5.449186 3.389313 1.000000
6.105253 5.455329 3.273966 1.000000
5.701782 5.461023 3.170432 1.000000
5.325881 5.466328 3.077241 1.000000
4.973989 5.471294 2.993168 1.000000
4.643095 5.475964 2.917184 1.000000
4.330635 5.480374 2.848422 1.000000
4.034409 5.484554 2.786146 1.000000
3.752514 5.488532 2.729728 1.000000
3.483295 5.492332 2.678628 1.000000
3.335403 5.685315 2.710016 1.000000
3.342400 6.181095 2.864673 1.000000
3.350409 6.748601 3.044933 1.000000
3.359691 7.406337 3.257340 1.000000
3.370606 8.179728 3.510893 1.000000
-1.685785 5.444629 2.407516 1.000000
-1.868751 5.367844 2.402678 1.000000
-2.746262 7.027554 3.063175 1.000000
-2.755157 6.397224 2.858445 1.000000
-2.623964 5.569215 2.572517 1.000000
-2.776339 5.398560 2.542903 1.000000
-3.077656 5.498945 2.625574 1.000000
-3.392251 5.589363 2.710238 1.000000
-3.669278 5.593273 2.764632 1.000000
-3.959997 5.597375 2.824674 1.000000
-4.266214 5.601697 2.890957 1.000000
-4.590014 5.606266 2.964177 1.000000
-4.933816 5.611118 3.045149 1.000000
-5.300456 5.616293 3.134837 1.000000
-5.693277 5.621836 3.234389 1.000000
-6.116255 5.627806 3.345179 1.000000
-6.574162 5.634268 3.468862 1.000000
-7.072778 5.641304 3.607454 1.000000
-7.619176 5.649016 3.763432 1.000000
-1.607077 0.583790 1.013933 1.000000
-1.609704 0.397620 0.997533 1.000000
-1.611391 0.278059 0.990629 1.000000
-1.623287 -0.564869 1.094746 1.000000
-7.986736 -5.346893 4.197131 1.000000
-7.420804 -5.354879 4.016341 1.000000
-6.905650 -5.362149 3.855989 1.000000
-6.433632 -5.368811 3.713106 1.000000
-5.998533 -5.374951 3.585286 1.000000
-5.595240 -5.380643 3.470557 1.000000
-5.219504 -5.385945 3.367288 1.000000
-4.867767 -5.390909 3.274123 1.000000
-4.537018 -5.395577 3.189923 1.000000
-4.224696 -5.399984 3.113725 1.000000
-3.928600 -5.404163 3.044715 1.000000
-3.646829 -5.408140 2.982196 1.000000
-3.422876 -5.483693 2.958883 1.000000
-3.429428 -5.947956 3.116316 1.000000
-3.436847 -6.473647 3.298115 1.000000
-3.445339 -7.075390 3.510012 1.000000
-3.455182 -7.772807 3.759698 1.000000
3.544136 -7.870556 3.792372 1.000000
3.553635 -7.197429 3.553842 1.000000
3.561898 -6.611955 3.349973 1.000000
3.569167 -6.096882 3.174004 1.000000
3.575626 -5.639180 3.020834 1.000000
3.771702 -5.512834 3.020874 1.000000
4.062293 -5.516935 3.087409 1.000000
4.368376 -5.521254 3.160860 1.000000
4.692033 -5.525822 3.241997 1.000000
5.035685 -5.530672 3.331725 1.000000
5.402164 -5.535844 3.431112 1.000000
5.794812 -5.541385 3.541429 1.000000
6.217604 -5.547352 3.664199 1.000000
6.675310 -5.553811 3.801257 1.000000
7.173707 -5.560845 3.954836 1.000000
8.521571 -2.418154 3.860202 1.000000
8.526035 -2.101841 3.829348 1.000000
8.530425 -1.790736 3.803154 1.000000
8.534755 -1.483970 3.781452 1.000000
8.539034 -1.180718 3.764103 1.000000
8.543275 -0.880194 3.750998 1.000000
8.547489 -0.581636 3.742057 1.000000
8.551685 -0.284303 3.737225 1.000000
8.555874 0.012534 3.736472 1.000000
8.560066 0.309598 3.739794 1.000000
8.564272 0.607618 3.747210 1.000000
8.568502 0.907328 3.758767 1.000000
8.572766 1.209481 3.774535 1.000000
8.577076 1.514853 3.794614 1.000000
8.581442 1.824256 3.819129 1.000000
8.585877 2.138538 3.848238 1.000000
8.590394 2.458604 3.882131 1.000000
7.528148 5.435249 4.017933 1.000000
7.012768 5.442522 3.857510 1.000000
6.540543 5.449186 3.714565 1.000000
6.105253 5.455329 3.586689 1.000000
5.701782 5.461023 3.471909 1.000000
5.325881 5.466328 3.368595 1.000000
4.973989 5.471294 3.275389 1.000000
4.643095 5.475964 3.191151 1.000000
4.330635 5.480374 3.114921 1.000000
4.034409 5.484554 3.045880 1.000000
3.752514 5.488532 2.983333 1.000000
3.483295 5.492332 2.926683 1.000000
3.335403 5.685315 2.961481 1.000000
3.342400 6.181095 3.132937 1.000000
3.350409 6.748601 3.332777 1.000000
3.359691 7.406337 3.568256 1.000000
3.370606 8.179728 3.849351 1.000000
-1.685785 5.444629 2.626122 1.000000
-1.868751 5.367844 2.620758 1.000000
-2.746262 7.027554 3.353001 1.000000
-2.755157 6.397224 3.126033 1.000000
-2.623964 5.569215 2.809046 1.000000
-2.776339 5.398560 2.776215 1.000000
-3.077656 5.498945 2.867866 1.000000
-3.392251 5.589363 2.961727 1.000000
-3.669278 5.593273 3.022029 1.000000
-3.959997 5.597375 3.088593 1.000000
-4.266214 5.601697 3.162076 1.000000
-4.590014 5.606266 3.243249 1.000000
-4.933816 5.611118 3.333016 1.000000
-5.300456 5.616293 3.432447 1.000000
-5.693277 5.621836 3.542813 1.000000
-6.116255 5.627806 3.665636 1.000000
-6.574162 5.634268 3.802754 1.000000
-1.604271 0.782617 1.108398 1.000000
-1.605231 0.714583 1.098221 1.000000
-8.845094 0.066688 4.242766 1.000000
-8.849481 -0.244115 4.246591 1.000000
-8.853881 -0.555917 4.255131 1.000000
-8.858306 -0.869487 4.268439 1.000000
-8.862767 -1.185614 4.286596 1.000000
-8.867276 -1.505110 4.309717 1.000000
-8.871845 -1.828821 4.337946 1.000000
-8.876485 -2.157638 4.371466 1.000000
-8.881211 -2.492506 4.410494 1.000000
-7.420804 -5.354879 4.380711 1.000000
-6.905650 -5.362149 4.204224 1.000000
-6.433632 -5.368811 4.046965 1.000000
-5.998533 -5.374951 3.906284 1.000000
-5.595240 -5.380643 3.780011 1.000000
-5.219504 -5.385945 3.666352 1.000000
-4.867767 -5.390909 3.563813 1.000000
-4.537018 -5.395577 3.471140 1.000000
-4.224696 -5.399984 3.387276 1.000000
-3.928600 -5.404163 3.311323 1.000000
-3.646829 -5.408140 3.242513 1.000000
-3.422876 -5.483693 3.216854 1.000000
-3.429428 -5.947956 3.390127 1.000000
-3.436847 -6.473647 3.590219 1.000000
-3.445339 -7.075390 3.823436 1.000000
-3.455182 -7.772807 4.098245 1.000000
3.544136 -7.870556 4.134207 1.000000
3.553635 -7.197429 3.871676 1.000000
3.561898 -6.611955 3.647294 1.000000
3.569167 -6.096882 3.453620 1.000000
3.575626 -5.639180 3.285039 1.000000
3.771702 -5.512834 3.285083 1.000000
4.062293 -5.516935 3.358312 1.000000
4.368376 -5.521254 3.439154 1.000000
4.692033 -5.525822 3.528455 1.000000
5.035685 -5.530672 3.627210 1.000000
5.402164 -5.535844 3.736597 1.000000
5.794812 -5.541385 3.858015 1.000000
6.217604 -5.547352 3.993137 1.000000
6.675310 -5.553811 4.143985 1.000000
7.173707 -5.560845 4.313017 1.000000
7.528148 5.435249 4.382463 1.000000
7.012768 5.442522 4.205898 1.000000
6.540543 5.449186 4.048570 1.000000
6.105253 5.455329 3.907828 1.000000
5.701782 5.461023 3.781499 1.000000
5.325881 5.466328 3.667790 1.000000
4.973989 5.471294 3.565206 1.000000
4.643095 5.475964 3.472493 1.000000
4.330635 5.480374 3.388592 1.000000
4.034409 5.484554 3.312605 1.000000
3.752514 5.488532 3.243764 1.000000
3.483295 5.492332 3.181414 1.000000
3.335403 5.685315 3.219713 1.000000
3.342400 6.181095 3.408421 1.000000
3.350409 6.748601 3.628368 1.000000
3.359691 7.406337 3.887541 1.000000
3.370606 8.179728 4.196919 1.000000
-1.685785 5.444629 2.850612 1.000000
-1.868751 5.367844 2.844708 1.000000
-2.746262 7.027554 3.650627 1.000000
-2.755157 6.397224 3.400822 1.000000
-2.762793 5.856120 3.189782 1.000000
-2.873165 5.582037 3.105527 1.000000
-3.127341 5.585624 3.159887 1.000000
-3.392251 5.589363 3.219984 1.000000
-3.669278 5.593273 3.286353 1.000000
-3.959997 5.597375 3.359615 1.000000
-4.266214 5.601697 3.440492 1.000000
-4.590014 5.606266 3.529832 1.000000
-4.933816 5.611118 3.628632 1.000000
-5.300456 5.616293 3.738067 1.000000
-5.693277 5.621836 3.859537 1.000000
-8.804444 2.947145 4.426372 1.000000
-8.809205 2.609789 4.385243 1.000000
-8.813875 2.278848 4.349714 1.000000
-8.818469 1.953355 4.319551 1.000000
-8.822998 1.632401 4.294560 1.000000
-8.827476 1.315125 4.274582 1.000000
-8.831913 1.000702 4.259492 1.000000
-8.836321 0.688336 4.249197 1.000000
-8.840711 0.377253 4.243633 1.000000
-8.845094 0.066688 4.604959 1.000000
-8.849481 -0.244115 4.609144 1.000000
-8.853881 -0.555917 4.618488 1.000000
-8.858306 -0.869487 4.633048 1.000000
-8.862767 -1.185614 4.652915 1.000000
-8.867276 -1.505110 4.678212 1.000000
-8.871845 -1.828821 4.709099 1.000000
-8.876485 -2.157638 4.745773 1.000000
-8.881211 -2.492506 4.788476 1.000000
-6.433632 -5.368811 4.390727 1.000000
-5.998533 -5.374951 4.236804 1.000000
-5.595240 -5.380643 4.098645 1.000000
-5.219504 -5.385945 3.974287 1.000000
-4.867767 -5.390909 3.862096 1.000000
-4.537018 -5.395577 3.760700 1.000000
-4.224696 -5.399984 3.668942 1.000000
-3.928600 -5.404163 3.585838 1.000000
-3.646829 -5.408140 3.510551 1.000000
-3.422876 -5.483693 3.482477 1.000000
-3.429428 -5.947956 3.672061 1.000000
-3.436847 -6.473647 3.890988 1.000000
-3.445339 -7.075390 4.146157 1.000000
-3.455182 -7.772807 4.446834 1.000000
3.544136 -7.870556 4.486181 1.000000
3.553635 -7.197429 4.198938 1.000000
3.561898 -6.611955 3.953435 1.000000
3.569167 -6.096882 3.741530 1.000000
3.575626 -5.639180 3.557080 1.000000
3.771702 -5.512834 3.557128 1.000000
4.062293 -5.516935 3.637251 1.000000
4.368376 -5.521254 3.725702 1.000000
4.692033 -5.525822 3.823409 1.000000
5.035685 -5.530672 3.931461 1.000000
5.402164 -5.535844 4.051145 1.000000
5.794812 -5.541385 4.183991 1.000000
6.217604 -5.547352 4.331832 1.000000
6.675310 -5.553811 4.496880 1.000000
7.173707 -5.560845 4.681823 1.000000
7.528148 5.435249 4.757805 1.000000
7.012768 5.442522 4.564621 1.000000
6.540543 5.449186 4.392484 1.000000
6.105253 5.455329 4.238493 1.000000
5.701782 5.461023 4.100273 1.000000
5.325881 5.466328 3.975860 1.000000
4.973989 5.471294 3.863620 1.000000
4.643095 5.475964 3.762179 1.000000
4.330635 5.480374 3.670381 1.000000
4.034409 5.484554 3.587241 1.000000
3.752514 5.488532 3.511921 1.000000
3.483295 5.492332 3.443702 1.000000
3.335403 5.685315 3.485606 1.000000
3.342400 6.181095 3.692076 1.000000
3.350409 6.748601 3.932727 1.000000
3.359691 7.406337 4.216296 1.000000
3.370606 8.179728 4.554796 1.000000
-2.755157 6.397225 3.683762 1.000000
-2.762793 5.856120 3.452858 1.000000
-2.873165 5.582037 3.360671 1.000000
-3.127341 5.585624 3.420148 1.000000
-3.392251 5.589363 3.485902 1.000000
-3.669278 5.593273 3.558519 1.000000
-3.959997 5.597375 3.638676 1.000000
-4.266214 5.601697 3.727167 1.000000
-4.590014 5.606266 3.824917 1.000000
-8.804444 2.947145 4.805848 1.000000
-8.809205 2.609789 4.760847 1.000000
-8.813875 2.278848 4.721974 1.000000
-8.818469 1.953355 4.688972 1.000000
-8.822998 1.632401 4.661629 1.000000
-8.827476 1.315125 4.639770 1.000000
-8.831913 1.000702 4.623260 1.000000
-8.836321 0.688336 4.611995 1.000000
-8.840711 0.377253 4.605907 1.000000
-8.845094 0.066688 4.978923 1.000000
-8.849481 -0.244115 4.983480 1.000000
-8.853881 -0.555917 4.993654 1.000000
-8.858306 -0.869487 5.009508 1.000000
-8.862767 -1.185614 5.031139 1.000000
-8.867276 -1.505110 5.058683 1.000000
-8.871845 -1.828821 5.092314 1.000000
-8.876485 -2.157638 5.132246 1.000000
-8.881211 -2.492506 5.178741 1.000000
-5.595240 -5.380643 4.427634 1.000000
-5.219504 -5.385945 4.292230 1.000000
-4.867767 -5.390909 4.170073 1.000000
-4.537018 -5.395577 4.059670 1.000000
-4.224696 -5.399984 3.959761 1.000000
-3.928600 -5.404163 3.869276 1.000000
-3.646829 -5.408140 3.787301 1.000000
-3.422876 -5.483693 3.756733 1.000000
-3.429428 -5.947956 3.963157 1.000000
-3.436847 -6.473647 4.201531 1.000000
-3.445339 -7.075390 4.479367 1.000000
3.544136 -7.870556 4.849595 1.000000
3.553635 -7.197429 4.536837 1.000000
3.561898 -6.611955 4.269526 1.000000
3.569167 -6.096882 4.038798 1.000000
3.575626 -5.639180 3.837963 1.000000
3.771702 -5.512834 3.838016 1.000000
4.062293 -5.516935 3.925255 1.000000
4.368376 -5.521254 4.021563 1.000000
4.692033 -5.525822 4.127950 1.000000
5.035685 -5.530672 4.245600 1.000000
5.402164 -5.535844 4.375915 1.000000
5.794812 -5.541385 4.520561 1.000000
6.217604 -5.547352 4.681535 1.000000
6.675310 -5.553811 4.861244 1.000000
7.173707 -5.560845 5.062615 1.000000
6.540543 5.449186 4.747574 1.000000
6.105253 5.455329 4.579905 1.000000
5.701782 5.461023 4.429407 1.000000
5.325881 5.466328 4.293943 1.000000
4.973989 5.471294 4.171732 1.000000
4.643095 5.475964 4.061281 1.000000
4.330635 5.480374 3.961328 1.000000
4.034409 5.484554 3.870803 1.000000
3.752514 5.488532 3.788792 1.000000
3.483295 5.492332 3.714513 1.000000
3.335403 5.685315 3.760140 1.000000
3.342400 6.181095 3.984951 1.000000
3.350409 6.748601 4.246978 1.000000
3.359691 7.406337 4.555737 1.000000
-2.762793 5.856120 3.724483 1.000000
-2.873165 5.582037 3.624107 1.000000
-3.127341 5.585624 3.688867 1.000000
-3.392251 5.589363 3.760463 1.000000
-3.669278 5.593273 3.839529 1.000000
-8.804444 2.947145 5.197657 1.000000
-8.809205 2.609789 5.148659 1.000000
-8.813875 2.278848 5.106333 1.000000
-8.818469 1.953355 5.070399 1.000000
-8.822998 1.632401 5.040627 1.000000
-8.827476 1.315125 5.016827 1.000000
-8.831913 1.000702 4.998850 1.000000
-8.836321 0.688336 4.986585 1.000000
-8.840711 0.377253 4.979956 1.000000
-8.845094 0.066688 5.366140 1.000000
-8.849481 -0.244115 5.371082 1.000000
-8.853881 -0.555917 5.382115 1.000000
-8.858306 -0.869487 5.399308 1.000000
-8.862767 -1.185614 5.422767 1.000000
-8.867276 -1.505110 5.452638 1.000000
-8.871845 -1.828821 5.489109 1.000000
-4.867767 -5.390909 4.488964 1.000000
-4.537018 -5.395577 4.369235 1.000000
-4.224696 -5.399984 4.260887 1.000000
-3.928600 -5.404163 4.162758 1.000000
-3.646829 -5.408140 4.073859 1.000000
-3.422876 -5.483693 4.040709 1.000000
-3.429428 -5.947956 4.264570 1.000000
3.544136 -7.870556 5.225887 1.000000
3.553635 -7.197429 4.886710 1.000000
3.561898 -6.611955 4.596818 1.000000
3.569167 -6.096882 4.346600 1.000000
3.575626 -5.639180 4.128801 1.000000
3.771702 -5.512834 4.128857 1.000000
4.062293 -5.516935 4.223466 1.000000
4.368376 -5.521254 4.327910 1.000000
4.692033 -5.525822 4.443283 1.000000
5.035685 -5.530672 4.570871 1.000000
5.402164 -5.535844 4.712194 1.000000
5.794812 -5.541385 4.869059 1.000000
6.217604 -5.547352 5.043631 1.000000
6.675310 -5.553811 5.238520 1.000000
7.173707 -5.560845 5.456902 1.000000
5.701782 5.461023 4.770205 1.000000
5.325881 5.466328 4.623298 1.000000
4.973989 5.471294 4.490764 1.000000
4.643095 5.475964 4.370982 1.000000
4.330635 5.480374 4.262586 1.000000
4.034409 5.484554 4.164414 1.000000
3.752514 5.488532 4.075476 1.000000
3.483295 5.492332 3.994922 1.000000
3.335403 5.685315 4.044403 1.000000
3.342400 6.181095 4.288204 1.000000
3.350409 6.748601 4.572366 1.000000
-8.818469 1.953355 5.465344 1.000000
-8.822998 1.632401 5.433057 1.000000
-8.827476 1.315125 5.407246 1.000000
-8.831913 1.000702 5.387750 1.000000
-8.836321 0.688336 5.374449 1.000000
-8.840711 0.377253 5.367260 1.000000
-3.928600 -5.404163 4.467536 1.000000
-3.646829 -5.408140 4.371446 1.000000
-3.422876 -5.483693 4.335614 1.000000
3.544136 -7.870556 5.616663 1.000000
3.553635 -7.197429 5.250049 1.000000
3.561898 -6.611955 4.936708 1.000000
3.569167 -6.096882 4.666249 1.000000
3.575626 -5.639180 4.430832 1.000000
3.771702 -5.512834 4.430893 1.000000
4.062293 -5.516935 4.533155 1.000000
4.368376 -5.521254 4.646047 1.000000
4.692033 -5.525822 4.770753 1.000000
5.035685 -5.530672 4.908662 1.000000
5.402164 -5.535844 5.061417 1.000000
5.794812 -5.541385 5.230971 1.000000
6.217604 -5.547352 5.419664 1.000000
6.675310 -5.553811 5.630318 1.000000
7.173707 -5.560845 5.866365 1.000000
4.973989 5.471294 4.822075 1.000000
4.643095 5.475964 4.692604 1.000000
4.330635 5.480374 4.575440 1.000000
4.034409 5.484554 4.469326 1.000000
3.752514 5.488532 4.373194 1.000000
3.483295 5.492332 4.286124 1.000000
3.335403 5.685315 4.339607 1.000000
3.342400 6.181095 4.603130 1.000000
3.553635 -7.197429 5.628528 1.000000
3.561898 -6.611955 5.290760 1.000000
3.569167 -6.096882 4.999218 1.000000
3.575626 -5.639180 4.745448 1.000000
3.771702 -5.512834 4.745514 1.000000
4.062293 -5.516935 4.855748 1.000000
4.368376 -5.521254 4.977441 1.000000
4.692033 -5.525822 5.111868 1.000000
5.035685 -5.530672 5.260528 1.000000
5.402164 -5.535844 5.425191 1.000000
5.794812 -5.541385 5.607963 1.000000
6.217604 -5.547352 5.811366 1.000000
4.034409 5.484554 4.786944 1.000000
3.752514 5.488532 4.683317 1.000000
3.483295 5.492332 4.589460 1.000000
3.335403 5.685315 4.647112 1.000000
3.561898 -6.611955 5.660741 1.000000
3.569167 -6.096882 5.347166 1.000000
3.575626 -5.639180 5.074219 1.000000
3.771702 -5.512834 5.074290 1.000000
4.062293 -5.516935 5.192854 1.000000
4.368376 -5.521254 5.323744 1.000000
4.692033 -5.525822 5.468330 1.000000
5.035685 -5.530672 5.628224 1.000000
5.402164 -5.535844 5.805331 1.000000
-1.029663 -0.026925 -0.109999 1.000000
-1.000586 -0.213446 -0.109999 1.000000
-0.730004 -0.704404 -0.109999 1.000000
-0.492919 -0.890566 -0.109999 1.000000
-0.392043 -0.942274 -0.109999 1.000000
-0.213705 -1.004167 -0.109999 1.000000
-0.102484 -1.026067 -0.109999 1.000000
0.236304 -1.020978 -0.109999 1.000000
0.346816 -0.995748 -0.109999 1.000000
0.590043 -0.893202 -0.109999 1.000000
0.801238 -0.734860 -0.109999 1.000000
0.822941 -0.477535 -0.039999 1.000000
0.808401 0.724764 -0.079316 1.000000
0.594609 0.982544 -0.109999 1.000000
0.493733 1.034252 -0.109999 1.000000
0.278584 1.104738 -0.109999 1.000000
-0.129472 1.083377 -0.095999 1.000000
-0.421525 1.020504 -0.109999 1.000000
-0.800918 0.714804 -0.109999 1.000000
-1.106949 0.048807 -0.097999 1.000000
-1.134509 0.007484 -0.109999 1.000000
-1.123990 -0.116208 -0.109999 1.000000
-0.933987 -0.614807 -0.109999 1.000000
-0.859520 -0.714130 -0.109999 1.000000
-0.117069 -1.128043 -0.109999 1.000000
-0.075994 -1.133188 -0.109999 1.000000
0.006570 -1.139163 -0.109999 1.000000
0.334958 -1.105456 -0.109999 1.000000
0.605078 -1.002520 -0.109999 1.000000
0.711641 -0.938843 -0.109999 1.000000
0.810964 -0.864376 -0.109999 1.000000
0.808364 -0.639430 -0.039999 1.000000
0.351897 0.205123 0.250000 1.000000
0.846563 0.925409 -0.109999 1.000000
0.783279 0.978773 -0.109999 1.000000
0.300247 1.205448 -0.109999 1.000000
0.177684 1.225166 -0.109999 1.000000
0.095120 1.231141 -0.109999 1.000000
-0.106856 1.188254 -0.095999 1.000000
-0.192910 1.206648 -0.109999 1.000000
-0.233267 1.197434 -0.109999 1.000000
-0.609951 1.030821 -0.109999 1.000000
-0.709274 0.956354 -0.109999 1.000000
-0.800269 0.871913 -0.109999 1.000000
-1.128332 0.172828 -0.109999 1.000000
-1.255219 0.003563 -0.109999 1.000000
-1.243630 -0.132726 -0.109999 1.000000
-1.192930 -0.354794 -0.109999 1.000000
-0.980846 -0.756020 -0.109999 1.000000
-0.719816 -1.009324 -0.109999 1.000000
-0.565445 -1.106309 -0.109999 1.000000
-0.312401 -1.209263 -0.109999 1.000000
0.229560 -1.248486 -0.109999 1.000000
0.451628 -1.197786 -0.109999 1.000000
0.852854 -0.985702 -0.109999 1.000000
0.956302 -0.896217 -0.109999 1.000000
1.049829 -0.796410 -0.109999 1.000000
1.106158 -0.724672 -0.109999 1.000000
1.082536 0.847998 -0.109999 1.000000
0.821506 1.101302 -0.109999 1.000000
0.667135 1.198287 -0.109999 1.000000
0.626545 1.219093 -0.109999 1.000000
0.457678 1.287799 -0.109999 1.000000
0.414091 1.301240 -0.109999 1.000000
-0.122915 1.304577 -0.095999 1.000000
-0.172937 1.333438 -0.109999 1.000000
-0.306287 1.302994 -0.109999 1.000000
-0.519137 1.221882 -0.109999 1.000000
-0.714670 1.105041 -0.109999 1.000000
-1.004468 0.816650 -0.109999 1.000000
-1.101453 0.662279 -0.109999 1.000000
-1.204406 0.409235 -0.109999 1.000000
-1.295515 -0.494168 -0.109999 1.000000
-1.181264 -0.719755 -0.109999 1.000000
-1.094472 -0.844350 -0.109999 1.000000
-0.995132 -0.959191 -0.109999 1.000000
-0.922466 -1.029706 -0.109999 1.000000
-0.804694 -1.125552 -0.109999 1.000000
-0.495859 -1.297726 -0.109999 1.000000
-0.254220 -1.372246 -0.109999 1.000000
-0.104303 -1.396365 -0.109999 1.000000
0.198970 -1.397103 -0.109999 1.000000
0.349003 -1.373714 -0.109999 1.000000
0.816589 -1.186120 -0.109999 1.000000
0.941184 -1.099328 -0.109999 1.000000
1.056025 -0.999988 -0.109999 1.000000
1.126540 -0.927323 -0.109999 1.000000
1.222386 -0.809550 -0.109999 1.000000
1.148477 0.728157 -0.054882 1.000000
1.196162 0.936328 -0.109999 1.000000
1.096822 1.051169 -0.109999 1.000000
1.024157 1.121684 -0.109999 1.000000
0.906384 1.217530 -0.109999 1.000000
0.597549 1.389704 -0.109999 1.000000
0.355910 1.464224 -0.109999 1.000000
-0.046826 1.493371 -0.109999 1.000000
-0.142052 1.443193 -0.095999 1.000000
-0.247312 1.465692 -0.109999 1.000000
-0.489312 1.392349 -0.109999 1.000000
-0.627086 1.328512 -0.109999 1.000000
-0.839494 1.191306 -0.109999 1.000000
-0.954335 1.091966 -0.109999 1.000000
-1.024850 1.019301 -0.109999 1.000000
-1.120696 0.901528 -0.109999 1.000000
-1.292870 0.592693 -0.109999 1.000000
-1.311131 0.545465 -0.109999 1.000000
-1.573840 -0.006787 -0.109999 1.000000
-1.435766 -0.611562 -0.109999 1.000000
-1.298999 -0.859720 -0.109999 1.000000
-1.196932 -0.995855 -0.109999 1.000000
-0.997061 -1.196702 -0.109999 1.000000
-0.861424 -1.299430 -0.109999 1.000000
-0.455236 -1.498766 -0.109999 1.000000
-0.346247 -1.530306 -0.109999 1.000000
-0.123005 -1.570230 -0.109999 1.000000
0.103622 -1.578696 -0.109999 1.000000
0.708396 -1.440622 -0.109999 1.000000
1.298622 1.087833 -0.109999 1.000000
1.098751 1.288679 -0.109999 1.000000
0.915604 1.422426 -0.109999 1.000000
0.766990 1.505278 -0.109999 1.000000
0.658361 1.539169 -0.105803 1.000000
0.598731 1.539970 -0.099354 1.000000
-0.001931 1.670674 -0.109999 1.000000
-0.171468 1.656257 -0.109999 1.000000
-0.606706 1.532600 -0.109999 1.000000
-0.990999 1.293766 -0.109999 1.000000
-1.227660 1.049887 -0.109999 1.000000
-1.325592 0.910748 -0.109999 1.000000
-1.454845 0.658594 -0.109999 1.000000
-1.782619 -0.142205 -0.109999 1.000000
-1.624968 -0.626343 -0.099739 1.000000
-1.625899 -0.695661 -0.107354 1.000000
-0.583745 -1.684416 -0.109999 1.000000
-0.461492 -1.724468 -0.109999 1.000000
0.046359 -1.797102 -0.109999 1.000000
0.239039 -1.787475 -0.109999 1.000000
0.616125 -1.708281 -0.109999 1.000000
1.500459 -1.092266 -0.109999 1.000000
1.680304 0.907307 -0.109999 1.000000
1.136575 1.532744 -0.109422 1.000000
0.782801 1.537497 -0.060224 1.000000
0.445283 1.611748 -0.047414 1.000000
0.055331 1.889080 -0.109999 1.000000
-0.201221 1.871768 -0.109999 1.000000
-0.514435 1.800259 -0.109999 1.000000
-0.753081 1.704515 -0.109999 1.000000
-1.437610 1.132960 -0.109999 1.000000
-1.605961 0.788484 -0.102457 1.000000
-1.607764 0.654249 -0.089046 1.000000
-2.069903 -0.022902 -0.109999 1.000000
-1.711145 -1.136259 -0.109999 1.000000
-1.668812 -1.197031 -0.109999 1.000000
-0.949868 -1.825078 -0.109999 1.000000
-0.102320 -2.070343 -0.109999 1.000000
0.267504 -2.064788 -0.109999 1.000000
0.630745 -1.995098 -0.109999 1.000000
0.840920 -1.923300 -0.109999 1.000000
1.233093 -1.716001 -0.109999 1.000000
1.921912 -0.954724 -0.109999 1.000000
1.812835 1.228237 -0.109999 1.000000
1.679604 1.405938 -0.109999 1.000000
1.217412 1.531658 -0.054563 1.000000
1.136575 1.532744 -0.043152 1.000000
0.723818 1.700052 -0.029999 1.000000
0.547234 1.761336 -0.029999 1.000000
0.449123 1.897567 -0.055751 1.000000
0.056010 2.167849 -0.109999 1.000000
-0.088056 2.104350 -0.095999 1.000000
-0.165814 2.156766 -0.109999 1.000000
-0.457468 2.106071 -0.109999 1.000000
-0.739229 2.015278 -0.109999 1.000000
-1.131403 1.807979 -0.109999 1.000000
-1.820222 1.046702 -0.109999 1.000000
-1.605019 0.858603 -0.043990 1.000000
-1.799391 0.512091 -0.059109 1.000000
-2.440745 -0.034948 -0.109999 1.000000
-1.624968 -0.626343 0.029220 1.000000
-2.153101 -1.118998 -0.109999 1.000000
-2.019253 -1.342991 -0.109999 1.000000
-1.805798 -1.617576 -0.109999 1.000000
-1.685231 -1.743036 -0.109999 1.000000
-1.556206 -1.859781 -0.109999 1.000000
-1.275335 -2.064892 -0.109999 1.000000
-1.047422 -2.191952 -0.109999 1.000000
-0.208377 -2.363903 -0.095999 1.000000
0.131782 -2.445601 -0.109999 1.000000
0.563213 -2.393694 -0.109999 1.000000
0.620748 -1.959911 -0.027427 1.000000
0.772361 -1.951473 -0.035224 1.000000
1.138206 -2.197272 -0.109999 1.000000
1.439825 -2.024109 -0.109999 1.000000
1.572840 -1.652653 -0.067024 1.000000
1.956615 -1.561062 -0.109999 1.000000
2.011539 -1.493573 -0.109999 1.000000
2.161726 -1.280191 -0.109999 1.000000
2.120943 1.434969 -0.109999 1.000000
2.071207 1.506368 -0.109999 1.000000
1.591582 1.526631 -0.037874 1.000000
1.136575 1.532744 0.022061 1.000000
0.563347 2.080413 -0.029999 1.000000
0.492034 2.097060 -0.029999 1.000000
0.454576 2.303518 -0.069574 1.000000
0.317458 2.524595 -0.109999 1.000000
0.056913 2.538886 -0.109999 1.000000
-0.376066 2.502067 -0.109999 1.000000
-0.877385 2.359636 -0.109999 1.000000
-1.338135 2.116087 -0.109999 1.000000
-1.612719 1.902632 -0.109999 1.000000
-1.854925 1.653040 -0.109999 1.000000
-2.060036 1.372169 -0.109999 1.000000
-1.607764 0.654249 0.037126 1.000000
-2.612488 -1.361826 -0.109999 1.000000
-2.390639 -1.718790 -0.109999 1.000000
-1.639809 -2.447397 -0.109999 1.000000
-1.276344 -2.658425 -0.109999 1.000000
-0.685062 -2.875265 -0.109999 1.000000
-0.582664 -2.899169 -0.109999 1.000000
0.148653 -2.964944 -0.109999 1.000000
1.123954 -2.380127 -0.049706 1.000000
2.353850 -1.896033 -0.109999 1.000000
2.544231 -1.644665 -0.109999 1.000000
2.755259 -1.281200 -0.109999 1.000000
2.799930 -1.186009 -0.109999 1.000000
2.714178 1.453804 -0.109999 1.000000
2.089978 1.519936 -0.026777 1.000000
1.145690 1.788654 0.050001 1.000000
1.010571 2.001624 0.029821 1.000000
0.923760 2.426261 -0.029999 1.000000
0.670172 2.504466 -0.029999 1.000000
0.497169 2.541679 -0.029999 1.000000
0.058177 3.058501 -0.109999 1.000000
-0.772468 2.943823 -0.109999 1.000000
-1.167756 2.801039 -0.109999 1.000000
-1.356970 2.709322 -0.109999 1.000000
-1.539325 2.604630 -0.109999 1.000000
-2.442541 1.736643 -0.109999 1.000000
-2.500025 1.648596 -0.109999 1.000000
-1.624968 -0.626343 0.154692 1.000000
-2.078685 -3.094653 -0.109999 1.000000
-1.003946 -3.599000 -0.109999 1.000000
0.700663 -3.692495 -0.109999 1.000000
2.773984 -2.596555 -0.109999 1.000000
2.864549 -2.499909 -0.109999 1.000000
2.338522 -1.883108 -0.003256 1.000000
2.460012 -1.713348 -0.002019 1.000000
3.465392 1.701099 -0.109999 1.000000
1.701685 1.525152 0.100004 1.000000
1.591582 1.526631 0.110613 1.000000
0.588087 3.802303 -0.109999 1.000000
-0.468105 3.804874 -0.109999 1.000000
-1.722423 3.400694 -0.109999 1.000000
-1.607764 0.654249 0.159885 1.000000
-5.046434 -0.297983 -0.109999 1.000000
-1.624968 -0.626343 0.216513 1.000000
-4.379771 -2.497670 -0.109999 1.000000
-2.199906 -4.540369 -0.109999 1.000000
2.747581 -4.293155 -0.109999 1.000000
2.897372 -4.196397 -0.109999 1.000000
2.569644 -1.793409 0.086700 1.000000
2.593670 -0.227532 0.142196 1.000000
2.599835 -0.049236 0.142861 1.000000
2.601238 0.039781 0.142897 1.000000
2.598736 0.307515 0.141822 1.000000
2.606129 1.513002 0.103749 1.000000
2.415443 1.515564 0.119801 1.000000
2.140163 4.708102 -0.109999 1.000000
1.641394 4.900956 -0.109999 1.000000
-3.615521 3.603843 -0.109999 1.000000
-1.607764 0.654249 0.220371 1.000000
-6.098405 -4.734275 -0.109999 1.000000
1.453820 -4.892097 0.062156 1.000000
1.642868 -4.894637 0.058442 1.000000
1.836419 -4.897237 0.054225 1.000000
2.035127 -4.899906 0.049475 1.000000
6.645988 -4.097467 -0.109999 1.000000
7.265296 -2.889284 -0.109999 1.000000
2.937145 -0.574859 0.203578 1.000000
2.960921 0.038906 0.206316 1.000000
7.612769 1.911851 -0.109999 1.000000
-2.569303 5.002838 0.031474 1.000000
-1.913074 -0.366461 0.332836 1.000000
-1.624063 -0.559015 0.339834 1.000000
-1.624968 -0.626343 0.339065 1.000000
1.453820 -4.892097 0.235983 1.000000
1.642868 -4.894637 0.234209 1.000000
1.836419 -4.897237 0.232195 1.000000
2.035127 -4.899906 0.229925 1.000000
8.526299 -2.089103 0.124263 1.000000
3.432262 -0.198735 0.289981 1.000000
3.436285 0.037749 0.290130 1.000000
4.765370 4.904303 0.185299 1.000000
4.450576 4.908532 0.191872 1.000000
-2.569303 5.002838 0.221325 1.000000
-1.605019 0.858603 0.337862 1.000000
-1.605961 0.788484 0.338758 1.000000
-1.607764 0.654249 0.340274 1.000000
-1.799390 0.512091 0.335894 1.000000
-1.624968 -0.626343 0.400079 1.000000
1.453820 -4.892097 0.409447 1.000000
1.642868 -4.894637 0.409608 1.000000
1.836419 -4.897237 0.409792 1.000000
2.035127 -4.899906 0.409998 1.000000
8.526299 -2.089103 0.419600 1.000000
3.599407 -0.335715 0.405043 1.000000
4.765370 4.904303 0.414053 1.000000
4.450576 4.908532 0.413456 1.000000
-2.569303 5.002838 0.410779 1.000000
-1.635820 -0.370186 0.458600 1.000000
-1.622322 -0.429380 0.458679 1.000000
-3.926094 -5.399875 0.641885 1.000000
8.526299 -2.089103 0.714994 1.000000
3.599407 -0.335715 0.525665 1.000000
5.696916 5.471841 0.681689 1.000000
4.256543 5.402114 0.644323 1.000000
3.416103 5.402473 0.626599 1.000000
-2.760655 6.402312 0.649462 1.000000
-2.781157 5.403628 0.616867 1.000000
-3.082506 5.503747 0.625404 1.000000
-3.964948 5.601640 0.645973 1.000000
-1.607764 0.654249 0.459676 1.000000
-1.608632 0.589655 0.458930 1.000000
-1.624968 -0.626343 0.522281 1.000000
-3.926094 -5.399875 0.870356 1.000000
8.526299 -2.089103 1.011119 1.000000
5.696916 5.471841 0.946994 1.000000
4.256543 5.402114 0.875050 1.000000
3.416103 5.402473 0.840924 1.000000
-2.760655 6.402312 0.884945 1.000000
-2.781157 5.403628 0.822187 1.000000
-3.082506 5.503747 0.838624 1.000000
-3.964948 5.601640 0.878227 1.000000
-1.607764 0.654249 0.519530 1.000000
-3.926094 -5.399875 1.099918 1.000000
8.526299 -2.089103 1.308658 1.000000
5.696916 5.471841 1.213566 1.000000
4.256543 5.402114 1.106879 1.000000
3.416103 5.402473 1.056273 1.000000
-2.760655 6.402312 1.121551 1.000000
-2.781157 5.403628 1.028487 1.000000
-3.082506 5.503747 1.052861 1.000000
-3.964948 5.601640 1.111590 1.000000
-1.624968 -0.626343 0.645655 1.000000
-3.926094 -5.399875 1.331108 1.000000
8.526299 -2.089103 1.608307 1.000000
5.696916 5.471841 1.482028 1.000000
4.256543 5.402114 1.340351 1.000000
3.416103 5.402473 1.273149 1.000000
-2.760655 6.402313 1.359836 1.000000
-2.781157 5.403628 1.236249 1.000000
-3.082506 5.503746 1.268618 1.000000
-3.964948 5.601640 1.346608 1.000000
-1.607764 0.654249 0.640237 1.000000
-1.624968 -0.626343 0.708143 1.000000
-3.926094 -5.399875 1.564477 1.000000
8.526299 -2.089103 1.910781 1.000000
5.696916 5.471841 1.753021 1.000000
4.256543 5.402114 1.576024 1.000000
3.416103 5.402473 1.492069 1.000000
-2.760655 6.402313 1.600367 1.000000
-2.781157 5.403628 1.445970 1.000000
-3.082506 5.503746 1.486409 1.000000
-3.964948 5.601640 1.583841 1.000000
-1.607764 0.654249 0.701375 1.000000
-1.913074 -0.366461 0.813287 1.000000
-3.926094 -5.399875 1.800597 1.000000
8.526299 -2.089103 2.216821 1.000000
5.696916 5.471841 2.027209 1.000000
4.256543 5.402114 1.814476 1.000000
3.416103 5.402473 1.713570 1.000000
-2.760655 6.402313 1.843733 1.000000
-2.781157 5.403628 1.658164 1.000000
-3.082506 5.503746 1.706767 1.000000
-3.964948 5.601640 1.823871 1.000000
-1.886097 -0.152827 0.870001 1.000000
-1.624968 -0.626343 0.835490 1.000000
-3.926094 -5.399875 2.040067 1.000000
8.526299 -2.089103 2.527203 1.000000
5.696916 5.471841 2.305287 1.000000
3.416103 5.402473 1.938214 1.000000
-2.760655 6.402313 2.090553 1.000000
-2.781157 5.403628 1.873368 1.000000
-3.082506 5.503746 1.930251 1.000000
-3.964948 5.601640 2.067306 1.000000
-1.607764 0.654249 0.825969 1.000000
-1.852734 0.455452 0.870001 1.000000
-1.644375 -0.009079 0.870001 1.000000
-3.926094 -5.399875 2.283519 1.000000
8.526299 -2.089103 2.842745 1.000000
5.696916 5.471841 2.587988 1.000000
3.416103 5.402473 2.166592 1.000000
-2.760655 6.402313 2.341476 1.000000
-2.781157 5.403628 2.092150 1.000000
-3.082505 5.503746 2.157452 1.000000
-3.964948 5.601640 2.314789 1.000000
-1.610314 0.464460 0.874746 1.000000
-1.616663 -0.008179 0.923620 1.000000
-1.620652 -0.305049 0.936158 1.000000
-1.622322 -0.429380 0.946115 1.000000
-1.624063 -0.559015 0.959246 1.000000
-3.926094 -5.399875 2.531623 1.000000
8.526299 -2.089103 3.164317 1.000000
5.696916 5.471841 2.876091 1.000000
3.478409 5.501645 2.436444 1.000000
-2.760655 6.402313 2.597194 1.000000
-2.781157 5.403628 2.315113 1.000000
-3.082505 5.503746 2.388993 1.000000
-3.964948 5.601640 2.567001 1.000000
-1.607764 0.654249 0.954746 1.000000
-1.608632 0.589655 0.948294 1.000000
-1.610314 0.464460 0.937773 1.000000
-1.624968 -0.626343 1.034983 1.000000
-3.926094 -5.399875 2.785097 1.000000
8.526299 -2.089103 3.492849 1.000000
5.696916 5.471841 3.170431 1.000000
3.478409 5.501645 2.678627 1.000000
-2.760655 6.402313 2.858447 1.000000
-2.781157 5.403628 2.542902 1.000000
-3.082505 5.503746 2.625547 1.000000
-3.964948 5.601640 2.824672 1.000000
-1.605019 0.858603 1.048757 1.000000
-1.607764 0.654249 1.021151 1.000000
-1.610314 0.464460 1.002165 1.000000
-1.615881 0.050046 1.049914 1.000000
-1.616663 -0.008179 1.050565 1.000000
-1.618237 -0.125332 1.054283 1.000000
-1.619837 -0.244406 1.061309 1.000000
-1.624968 -0.626343 1.104501 1.000000
-3.926094 -5.399875 3.044717 1.000000
8.526299 -2.089103 3.829347 1.000000
5.696916 5.471841 3.471907 1.000000
3.478409 5.501645 2.926682 1.000000
-2.760655 6.402313 3.126034 1.000000
-2.781157 5.403628 2.776214 1.000000
-3.082505 5.503746 2.867836 1.000000
-3.964948 5.601640 3.088591 1.000000
-1.611941 0.343358 1.058729 1.000000
-1.612739 0.283921 1.055329 1.000000
-1.614317 0.166502 1.051008 1.000000
-3.926094 -5.399875 3.311324 1.000000
5.696916 5.471841 3.781497 1.000000
3.478409 5.501645 3.181413 1.000000
-2.760655 6.402313 3.400824 1.000000
-3.964948 5.601640 3.359613 1.000000
-3.926094 -5.399875 3.585840 1.000000
5.696916 5.471841 4.100271 1.000000
3.478409 5.501645 3.443700 1.000000
-2.760655 6.402313 3.683764 1.000000
-3.964948 5.601640 3.638674 1.000000
-3.926094 -5.399875 3.869278 1.000000
5.696916 5.471841 4.429404 1.000000
3.478409 5.501645 3.714511 1.000000
-3.926094 -5.399875 4.162760 1.000000
5.696916 5.471841 4.770202 1.000000
3.478409 5.501645 3.994920 1.000000
-3.926094 -5.399875 4.467538 1.000000
3.478409 5.501645 4.286122 1.000000
3.478409 5.501645 4.589457 1.000000
-1.738869 -3.299775 -0.109999 1.000000
1.032037 -2.399722 0.044240 1.000000
-3.046773 0.600142 -0.023755 1.000000
-3.046773 0.600142 0.083975 1.000000
-2.350829 5.000151 0.038056 1.000000
-3.046773 0.600142 0.190987 1.000000
5.101250 4.900274 0.178013 1.000000
-2.350829 5.000151 0.224470 1.000000
-3.046773 0.600142 0.297532 1.000000
5.101250 4.900274 0.414716 1.000000
-2.350829 5.000151 0.410494 1.000000
-3.046773 0.600142 0.403854 1.000000
6.099980 5.466940 0.692384 1.000000
-3.046773 0.600142 0.510196 1.000000
6.099980 5.466940 0.967586 1.000000
-3.046773 0.600142 0.616801 1.000000
6.099980 5.466940 1.244102 1.000000
6.099980 5.466940 1.522579 1.000000
6.099980 5.466940 1.803681 1.000000
6.099980 5.466940 2.088097 1.000000
6.099980 5.466940 2.376548 1.000000
6.099980 5.466940 2.669795 1.000000
6.099980 5.466940 2.968646 1.000000
6.099980 5.466940 3.273966 1.000000
6.099980 5.466940 3.586688 1.000000
6.099980 5.466940 3.907827 1.000000
6.099980 5.466940 4.238492 1.000000
6.099980 5.466940 4.579904 1.000000
1.499988 -1.092137 -0.109999 1.000000
-1.800018 0.511918 -0.059112 1.000000
-1.800018 0.511918 0.008477 1.000000
-2.700045 2.054062 -0.058208 1.000000
-1.800018 0.511918 0.141064 1.000000
-2.700045 2.054062 0.058386 1.000000
-1.800018 0.511918 0.206392 1.000000
-2.700045 2.054062 0.174203 1.000000
-1.800018 0.511918 0.335894 1.000000
-1.800018 0.511918 0.400367 1.000000
-1.800018 0.511918 0.529500 1.000000
-1.800018 0.511918 0.659870 1.000000
-1.800018 0.511918 0.725901 1.000000
-1.800018 0.511918 0.860470 1.000000
2.599976 0.218272 0.142379 1.000000
0.590783 -1.299992 -0.109999 1.000000
-4.191610 -2.799978 -0.109999 1.000000
-1.100075 0.335911 -0.109999 1.000000
-3.099967 -2.067785 -0.109999 1.000000
-0.600081 3.784450 -0.109999 1.000000
-0.067543 1.090187 -0.095999 1.000000
-1.010381 -0.510402 -0.109999 1.000000
-0.521768 -1.002530 -0.109999 1.000000
0.903172 -0.501834 -0.039999 1.000000
0.921647 -0.471335 -0.039999 1.000000
0.925309 0.550242 -0.039999 1.000000
-0.077655 1.189833 -0.095999 1.000000
-0.203654 1.203564 -0.109999 1.000000
-1.006389 0.603158 -0.109999 1.000000
-0.192761 -1.243454 -0.109999 1.000000
-0.098569 -1.220457 -0.095999 1.000000
0.923274 -0.653549 -0.039999 1.000000
1.183447 0.646010 -0.105060 1.000000
0.951775 0.700978 -0.039999 1.000000
-0.089511 1.306659 -0.095999 1.000000
-1.411197 -0.002806 -0.109999 1.000000
-1.404496 -0.103840 -0.109999 1.000000
-0.509484 -1.300460 -0.109999 1.000000
1.238513 -0.772888 -0.109999 1.000000
0.768601 1.296337 -0.109999 1.000000
-0.809707 1.219294 -0.109999 1.000000
-1.403409 0.199432 -0.109999 1.000000
-1.509007 -0.454151 -0.109999 1.000000
0.589255 -1.486868 -0.109999 1.000000
0.796762 -1.395370 -0.109999 1.000000
0.989515 -1.275883 -0.109999 1.000000
1.383134 -0.871191 -0.109999 1.000000
1.420382 0.899084 -0.109999 1.000000
-0.065831 1.619637 -0.095999 1.000000
-0.403691 1.606792 -0.109999 1.000000
-1.505406 0.550483 -0.109999 1.000000
-1.803427 -0.015096 -0.109999 1.000000
-1.587355 -0.417356 -0.068031 1.000000
-1.589192 -0.543304 -0.079063 1.000000
-1.590146 -0.608716 -0.085672 1.000000
-1.101157 -1.405679 -0.109999 1.000000
0.898208 -1.587824 -0.109999 1.000000
1.284659 -0.682659 0.000001 1.000000
1.314064 0.714860 0.000001 1.000000
1.495204 1.172135 -0.109999 1.000000
-0.079830 1.830697 -0.095999 1.000000
-1.090745 1.499063 -0.109999 1.000000
-1.569104 0.833982 -0.096016 1.000000
-1.570098 0.765858 -0.088312 1.000000
-1.571062 0.699759 -0.081418 1.000000
-1.572915 0.572686 -0.069862 1.000000
-1.802966 0.113550 -0.109999 1.000000
-1.802616 -1.011715 -0.109999 1.000000
0.894853 -1.898878 -0.109999 1.000000
1.093105 -1.798757 -0.109999 1.000000
1.396840 -1.587698 -0.109999 1.000000
1.793608 -1.150206 -0.109999 1.000000
1.880147 1.096965 -0.109999 1.000000
-1.587355 -0.417356 0.052663 1.000000
-1.589192 -0.543304 0.044506 1.000000
-1.590146 -0.608716 0.039621 1.000000
-2.205745 -1.042154 -0.109999 1.000000
-1.503051 -1.916297 -0.109999 1.000000
-0.402920 -2.410839 -0.109999 1.000000
-0.230699 -2.435673 -0.109999 1.000000
-0.138975 -2.374643 -0.095999 1.000000
0.633180 -2.378376 -0.109999 1.000000
0.622549 -2.021160 -0.039475 1.000000
0.853797 -1.995654 -0.049690 1.000000
1.496819 -1.979416 -0.109999 1.000000
1.663533 -1.651985 -0.080579 1.000000
1.997687 -1.499192 -0.109999 1.000000
1.691882 1.520402 -0.054178 1.000000
1.044836 1.770855 -0.010097 1.000000
0.489996 2.128700 -0.037359 1.000000
0.480451 2.496089 -0.109999 1.000000
-0.126216 2.530064 -0.109999 1.000000
-1.807832 1.717333 -0.109999 1.000000
-1.569104 0.833982 0.031972 1.000000
-1.570098 0.765858 0.037668 1.000000
-1.571062 0.699759 0.042765 1.000000
-1.572915 0.572686 0.051309 1.000000
-2.902152 0.053166 -0.097999 1.000000
-1.587355 -0.417356 0.111710 1.000000
-1.589192 -0.543304 0.104961 1.000000
-1.590146 -0.608716 0.100918 1.000000
-2.404747 -1.719344 -0.109999 1.000000
-2.207185 -1.965108 -0.109999 1.000000
-1.905905 -2.258145 -0.109999 1.000000
-0.902418 -2.819098 -0.109999 1.000000
0.574331 -2.138689 0.018478 1.000000
0.619121 -2.009041 0.037576 1.000000
1.117558 -2.403946 -0.053227 1.000000
1.714383 -2.460891 -0.109999 1.000000
2.198277 -2.057802 -0.109999 1.000000
2.587790 -1.562915 -0.109999 1.000000
2.693577 -1.381193 -0.109999 1.000000
2.795215 1.258055 -0.109999 1.000000
2.596626 1.507207 -0.099096 1.000000
1.691882 1.520402 0.023298 1.000000
1.052521 2.297768 -0.019478 1.000000
0.996920 2.389881 -0.029999 1.000000
0.468718 3.024307 -0.109999 1.000000
-0.052962 2.970193 -0.095999 1.000000
-1.807407 2.423157 -0.109999 1.000000
-1.571062 0.699759 0.103520 1.000000
-1.572915 0.572686 0.110590 1.000000
-2.905661 0.679521 -0.109999 1.000000
-3.700464 -0.602891 -0.109999 1.000000
-2.700228 -2.583483 -0.109999 1.000000
-2.606910 -2.677473 -0.109999 1.000000
-2.510368 -2.768149 -0.109999 1.000000
-2.410721 -2.855400 -0.109999 1.000000
-2.308089 -2.939120 -0.109999 1.000000
-2.202598 -3.019208 -0.109999 1.000000
-0.502798 -3.713069 -0.109999 1.000000
-0.239494 -3.741698 -0.109999 1.000000
-0.107254 -3.749104 -0.109999 1.000000
0.289889 -3.743595 -0.109999 1.000000
1.198400 -3.570376 -0.109999 1.000000
0.978777 -2.569127 0.025584 1.000000
1.286062 -2.323621 0.039014 1.000000
1.410681 -2.007134 0.066742 1.000000
2.048831 -2.205936 -0.006390 1.000000
2.183761 -2.194576 -0.017482 1.000000
2.366899 -1.925175 -0.010692 1.000000
2.619367 -1.711504 -0.020272 1.000000
3.499695 -1.513169 -0.109999 1.000000
3.599791 -1.267956 -0.109999 1.000000
3.395508 1.812032 -0.109999 1.000000
2.596626 1.507207 0.002732 1.000000
1.592995 1.640574 0.098332 1.000000
1.598593 2.024430 0.059353 1.000000
1.496054 2.186526 0.050001 1.000000
1.055975 2.534551 0.036793 1.000000
1.060105 2.817741 0.001452 1.000000
1.224271 3.647219 -0.109999 1.000000
1.097750 3.686397 -0.109999 1.000000
-2.497203 2.342534 -0.060627 1.000000
-2.499457 2.187997 -0.047302 1.000000
-3.305207 1.836051 -0.109999 1.000000
-1.569104 0.833982 0.156500 1.000000
-1.570098 0.765858 0.160242 1.000000
-1.587355 -0.417356 0.227952 1.000000
-1.589192 -0.543304 0.223972 1.000000
-1.590146 -0.608716 0.221588 1.000000
-4.303479 -2.649118 -0.109999 1.000000
-4.206894 -2.799020 -0.109999 1.000000
-4.105135 -2.945460 -0.109999 1.000000
-1.201792 -4.858077 -0.104702 1.000000
0.192954 -4.878419 -0.091672 1.000000
0.890057 -4.888586 -0.099648 1.000000
1.063058 -2.518986 0.122297 1.000000
1.124584 -2.419881 0.128973 1.000000
1.834818 -2.448155 0.091458 1.000000
2.030035 -2.184910 0.099660 1.000000
3.701034 -3.519444 -0.109999 1.000000
2.701090 -2.371879 0.039728 1.000000
2.522955 -1.912617 0.082507 1.000000
4.698472 -2.052055 -0.109998 1.000000
4.891899 -1.553509 -0.109998 1.000000
2.600506 -0.418553 0.137706 1.000000
2.606608 -0.327653 0.138548 1.000000
2.611548 -0.237113 0.139186 1.000000
2.615341 -0.146830 0.139623 1.000000
2.617298 0.304298 0.138808 1.000000
2.610095 0.486522 0.137069 1.000000
2.604735 0.578433 0.135888 1.000000
2.596626 1.507207 0.103647 1.000000
2.098593 1.758481 0.130001 1.000000
1.696834 2.149248 0.130001 1.000000
1.603257 2.344240 0.119906 1.000000
1.605978 2.530799 0.104327 1.000000
1.609030 2.740027 0.086479 1.000000
1.612485 2.976939 0.065868 1.000000
2.294791 4.626390 -0.109999 1.000000
-2.802879 4.288284 -0.109999 1.000000
-2.497203 2.342534 0.056589 1.000000
-2.499457 2.187997 0.066486 1.000000
-1.569104 0.833982 0.217856 1.000000
-1.570098 0.765858 0.220636 1.000000
-1.571062 0.699759 0.223123 1.000000
-1.572915 0.572686 0.227292 1.000000
-5.375313 -4.797207 -0.075847 1.000000
-5.014599 -4.802468 -0.058914 1.000000
-2.800552 -4.834759 0.029081 1.000000
-1.201792 -4.858077 0.067228 1.000000
0.192954 -4.878419 0.075775 1.000000
0.890057 -4.888586 0.070543 1.000000
3.897076 -4.932443 -0.013206 1.000000
2.950115 -2.418124 0.147840 1.000000
2.596626 1.507207 0.203891 1.000000
2.293435 1.791187 0.210001 1.000000
2.151427 2.214714 0.198537 1.000000
2.156286 2.547895 0.182313 1.000000
2.159037 2.736489 0.172724 1.000000
2.162051 2.943156 0.161932 1.000000
-2.803356 5.006328 0.024144 1.000000
-2.497203 2.342534 0.173024 1.000000
-2.499457 2.187997 0.179516 1.000000
-8.833754 -1.489069 0.116100 1.000000
-1.587355 -0.417356 0.342650 1.000000
-1.589192 -0.543304 0.341403 1.000000
-1.590146 -0.608716 0.340656 1.000000
-5.375313 -4.797207 0.170053 1.000000
-5.014599 -4.802468 0.178143 1.000000
-2.800552 -4.834759 0.220182 1.000000
-1.201792 -4.858077 0.238407 1.000000
0.192954 -4.878419 0.242490 1.000000
0.890057 -4.888586 0.239991 1.000000
3.897076 -4.932443 0.199980 1.000000
4.186562 -4.936665 0.194259 1.000000
4.493932 -4.941148 0.187932 1.000000
8.616559 1.833780 0.123565 1.000000
8.621168 2.149812 0.121258 1.000000
8.625862 2.471659 0.118571 1.000000
8.630655 2.800290 0.115487 1.000000
7.311828 2.660318 0.155563 1.000000
5.095681 4.891123 0.177991 1.000000
-2.803356 5.006328 0.217823 1.000000
-2.874870 2.505306 0.276825 1.000000
-2.877313 2.337795 0.280047 1.000000
-2.879629 2.178987 0.282965 1.000000
-1.569104 0.833982 0.339486 1.000000
-1.570098 0.765858 0.340357 1.000000
-1.571062 0.699759 0.341136 1.000000
-1.572915 0.572686 0.342443 1.000000
-8.792841 1.316124 0.118603 1.000000
-8.833754 -1.489069 0.420342 1.000000
-1.591128 -0.676061 0.400011 1.000000
-5.375313 -4.797207 0.415439 1.000000
-5.014599 -4.802468 0.414703 1.000000
-2.800552 -4.834759 0.410883 1.000000
-1.201792 -4.858077 0.409227 1.000000
0.192954 -4.878419 0.408856 1.000000
0.890057 -4.888586 0.409083 1.000000
3.897076 -4.932443 0.412720 1.000000
4.186562 -4.936665 0.413240 1.000000
4.493932 -4.941148 0.413815 1.000000
8.563542 -1.801334 0.419549 1.000000
3.630479 -0.603974 0.405270 1.000000
3.632351 -0.475563 0.405217 1.000000
8.616559 1.833780 0.419665 1.000000
8.621168 2.149812 0.419874 1.000000
8.625862 2.471659 0.420118 1.000000
8.630655 2.800290 0.420399 1.000000
7.311827 2.660318 0.416756 1.000000
5.095681 4.891123 0.414718 1.000000
-2.803356 5.006328 0.411097 1.000000
-1.569104 0.833982 0.400041 1.000000
-8.792841 1.316124 0.420114 1.000000
-8.833754 -1.489069 0.724641 1.000000
-1.587355 -0.417356 0.456868 1.000000
-1.589192 -0.543304 0.458342 1.000000
-6.013783 -5.367957 0.692225 1.000000
-5.610530 -5.373838 0.681536 1.000000
-3.393242 -5.406177 0.630761 1.000000
-3.396906 -5.859178 0.645019 1.000000
-3.404466 -6.377530 0.661722 1.000000
-3.413120 -6.970873 0.681190 1.000000
-3.423150 -7.658555 0.704130 1.000000
3.573014 -7.972625 0.715712 1.000000
3.582960 -7.290649 0.693195 1.000000
3.599223 -6.175636 0.657337 1.000000
3.605986 -5.711917 0.642878 1.000000
5.385760 -5.534216 0.677862 1.000000
8.563542 -1.801334 0.714324 1.000000
3.630479 -0.603974 0.528610 1.000000
3.632351 -0.475563 0.527925 1.000000
8.616559 1.833780 0.715820 1.000000
8.621168 2.149812 0.718548 1.000000
8.625862 2.471659 0.721723 1.000000
8.630655 2.800290 0.725368 1.000000
7.311827 2.660318 0.678000 1.000000
3.301611 5.647545 0.632442 1.000000
3.380755 6.274006 0.653879 1.000000
3.389154 6.849902 0.672775 1.000000
3.398889 7.517364 0.695041 1.000000
3.410335 8.302191 0.721619 1.000000
-2.710499 6.918146 0.666101 1.000000
-2.719542 6.298133 0.645299 1.000000
-3.138285 5.591274 0.629087 1.000000
-3.403218 5.595138 0.634175 1.000000
-4.601086 5.612609 0.660408 1.000000
-5.704446 5.628701 0.688323 1.000000
-1.570098 0.765858 0.459578 1.000000
-1.571062 0.699759 0.458656 1.000000
-1.572915 0.572686 0.457112 1.000000
-8.792841 1.316124 0.721682 1.000000
-8.833754 -1.489069 1.029694 1.000000
-1.587355 -0.417356 0.514123 1.000000
-1.589192 -0.543304 0.516962 1.000000
-1.590146 -0.608716 0.518662 1.000000
-6.013783 -5.367957 0.967280 1.000000
-5.610530 -5.373838 0.946699 1.000000
-3.393242 -5.406177 0.848938 1.000000
-3.396906 -5.859178 0.876389 1.000000
-3.404466 -6.377530 0.908549 1.000000
-3.413120 -6.970873 0.946033 1.000000
-3.423150 -7.658555 0.990202 1.000000
3.573014 -7.972625 1.012502 1.000000
3.582960 -7.290649 0.969146 1.000000
3.599223 -6.175636 0.900107 1.000000
3.605986 -5.711917 0.872267 1.000000
5.385760 -5.534216 0.939624 1.000000
8.563542 -1.801334 1.009828 1.000000
8.572488 -1.187920 1.002783 1.000000
8.576896 -0.885723 1.000419 1.000000
8.603111 0.911748 1.001821 1.000000
8.607543 1.215583 1.004665 1.000000
8.612021 1.522655 1.008287 1.000000
8.616559 1.833780 1.012710 1.000000
8.621168 2.149812 1.017961 1.000000
8.625862 2.471659 1.024075 1.000000
8.630655 2.800290 1.031093 1.000000
7.311827 2.660318 0.939890 1.000000
3.301611 5.647545 0.852174 1.000000
3.380755 6.274006 0.893449 1.000000
3.389154 6.849902 0.929831 1.000000
3.398889 7.517364 0.972701 1.000000
3.410335 8.302191 1.023875 1.000000
-2.710499 6.918146 0.916980 1.000000
-2.719542 6.298133 0.876928 1.000000
-3.138285 5.591274 0.845714 1.000000
-3.403218 5.595138 0.855511 1.000000
-4.601086 5.612609 0.906021 1.000000
-5.704446 5.628701 0.959767 1.000000
-1.569104 0.833982 0.521323 1.000000
-1.570098 0.765858 0.519341 1.000000
-1.571062 0.699759 0.517567 1.000000
-1.572915 0.572686 0.514594 1.000000
-8.792841 1.316124 1.023998 1.000000
-8.797403 1.003378 1.021551 1.000000
-8.833754 -1.489069 1.336204 1.000000
-6.013783 -5.367957 1.243649 1.000000
-5.610530 -5.373838 1.213129 1.000000
-3.393242 -5.406177 1.068157 1.000000
-3.396906 -5.859178 1.108865 1.000000
-3.404466 -6.377530 1.156555 1.000000
-3.413120 -6.970873 1.212141 1.000000
-3.423150 -7.658555 1.277640 1.000000
3.573014 -7.972625 1.310709 1.000000
3.582960 -7.290649 1.246416 1.000000
3.599223 -6.175636 1.144037 1.000000
3.605986 -5.711917 1.102752 1.000000
5.385760 -5.534216 1.202637 1.000000
8.563542 -1.801334 1.306744 1.000000
8.568041 -1.492860 1.300938 1.000000
8.603111 0.911748 1.294869 1.000000
8.607543 1.215583 1.299088 1.000000
8.612021 1.522655 1.304459 1.000000
8.616559 1.833780 1.311017 1.000000
8.621168 2.149812 1.318804 1.000000
8.625862 2.471659 1.327871 1.000000
8.630655 2.800290 1.338279 1.000000
7.311827 2.660318 1.203031 1.000000
3.301611 5.647545 1.072955 1.000000
3.380755 6.274006 1.134163 1.000000
3.389154 6.849902 1.188115 1.000000
3.398889 7.517364 1.251687 1.000000
3.410335 8.302191 1.327575 1.000000
-2.710499 6.918146 1.169058 1.000000
-2.719542 6.298133 1.109664 1.000000
-3.138285 5.591274 1.063376 1.000000
-3.403218 5.595138 1.077904 1.000000
-4.601086 5.612609 1.152806 1.000000
-5.704446 5.628701 1.232508 1.000000
-8.783583 1.950950 1.338568 1.000000
-8.788239 1.631708 1.332560 1.000000
-8.792841 1.316124 1.327757 1.000000
-8.797403 1.003378 1.324129 1.000000
-8.833754 -1.489069 1.644887 1.000000
-1.587355 -0.417356 0.629590 1.000000
-1.589192 -0.543304 0.635179 1.000000
-1.590146 -0.608716 0.638527 1.000000
-6.013783 -5.367957 1.521977 1.000000
-5.610530 -5.373838 1.481448 1.000000
-3.393242 -5.406177 1.288930 1.000000
-3.396906 -5.859178 1.342989 1.000000
-3.404466 -6.377530 1.406320 1.000000
-3.413120 -6.970873 1.480136 1.000000
-3.423150 -7.658555 1.567116 1.000000
3.573014 -7.972625 1.611030 1.000000
3.582960 -7.290649 1.525652 1.000000
3.599223 -6.175636 1.389695 1.000000
3.605986 -5.711917 1.334871 1.000000
5.385760 -5.534216 1.467515 1.000000
8.563542 -1.801334 1.605765 1.000000
8.603111 0.911748 1.589996 1.000000
8.607543 1.215583 1.595597 1.000000
8.612021 1.522655 1.602730 1.000000
8.616559 1.833780 1.611440 1.000000
8.621168 2.149812 1.621781 1.000000
8.625862 2.471659 1.633821 1.000000
8.630655 2.800290 1.647642 1.000000
7.311827 2.660318 1.468038 1.000000
3.301611 5.647545 1.295302 1.000000
3.380755 6.274006 1.376584 1.000000
3.389154 6.849902 1.448229 1.000000
3.398889 7.517364 1.532652 1.000000
3.410335 8.302191 1.633428 1.000000
-2.710499 6.918146 1.422924 1.000000
-2.719542 6.298133 1.344051 1.000000
-3.138285 5.591274 1.282581 1.000000
-3.403218 5.595138 1.301874 1.000000
-4.601086 5.612609 1.401341 1.000000
-5.704446 5.628701 1.507183 1.000000
-1.569104 0.833982 0.643768 1.000000
-1.570098 0.765858 0.639865 1.000000
-1.571062 0.699759 0.636372 1.000000
-1.572915 0.572686 0.630517 1.000000
-8.783583 1.950950 1.648027 1.000000
-8.788239 1.631708 1.640048 1.000000
-8.792841 1.316124 1.633670 1.000000
-8.797403 1.003378 1.628852 1.000000
-8.833755 -1.489069 1.956480 1.000000
-1.591128 -0.676061 0.703921 1.000000
-6.013783 -5.367957 1.802929 1.000000
-5.610530 -5.373838 1.752297 1.000000
-3.393242 -5.406177 1.511784 1.000000
-3.396906 -5.859178 1.579319 1.000000
-3.404467 -6.377530 1.658439 1.000000
-3.413120 -6.970873 1.750657 1.000000
-3.423150 -7.658555 1.859320 1.000000
3.573014 -7.972625 1.914182 1.000000
3.582960 -7.290649 1.807520 1.000000
3.591612 -6.697479 1.716357 1.000000
3.599223 -6.175636 1.637670 1.000000
3.605986 -5.711917 1.569178 1.000000
5.385760 -5.534216 1.734889 1.000000
8.563542 -1.801334 1.907604 1.000000
8.603111 0.911748 1.887904 1.000000
8.607543 1.215583 1.894902 1.000000
8.612021 1.522655 1.903814 1.000000
8.616559 1.833780 1.914694 1.000000
8.621168 2.149812 1.927613 1.000000
8.625862 2.471659 1.942655 1.000000
8.630655 2.800290 1.959922 1.000000
7.311827 2.660318 1.735543 1.000000
3.301611 5.647545 1.519744 1.000000
3.380755 6.274006 1.621290 1.000000
3.389154 6.849902 1.710796 1.000000
3.398889 7.517364 1.816265 1.000000
3.410335 8.302191 1.942164 1.000000
-2.710499 6.918146 1.679182 1.000000
-2.719542 6.298133 1.580646 1.000000
-3.138285 5.591274 1.503853 1.000000
-3.403218 5.595138 1.527955 1.000000
-4.601086 5.612609 1.652219 1.000000
-5.704446 5.628701 1.784447 1.000000
-1.569104 0.833982 0.705786 1.000000
-1.570098 0.765858 0.700910 1.000000
-8.783583 1.950950 1.960403 1.000000
-8.788239 1.631708 1.950435 1.000000
-8.792841 1.316124 1.942466 1.000000
-8.797403 1.003378 1.936447 1.000000
-8.833755 -1.489069 2.271747 1.000000
-1.587355 -0.417356 0.747246 1.000000
-1.589192 -0.543304 0.755638 1.000000
-6.013783 -5.367957 2.087193 1.000000
-5.610530 -5.373838 2.026338 1.000000
-3.393242 -5.406177 1.737266 1.000000
-3.396906 -5.859178 1.818437 1.000000
-3.404467 -6.377530 1.913531 1.000000
-3.413120 -6.970873 2.024367 1.000000
-3.423150 -7.658555 2.154970 1.000000
3.573014 -7.972625 2.220909 1.000000
3.582960 -7.290649 2.092711 1.000000
3.599223 -6.175636 1.888568 1.000000
3.605986 -5.711917 1.806248 1.000000
5.385760 -5.534216 2.005416 1.000000
8.563542 -1.801334 2.213003 1.000000
8.568041 -1.492860 2.201426 1.000000
8.603111 0.911748 2.189325 1.000000
8.607543 1.215583 2.197736 1.000000
8.612021 1.522655 2.208447 1.000000
8.616559 1.833780 2.221524 1.000000
8.621168 2.149812 2.237051 1.000000
8.625862 2.471659 2.255131 1.000000
8.630655 2.800290 2.275883 1.000000
7.311827 2.660318 2.006202 1.000000
3.301611 5.647545 1.746833 1.000000
3.380755 6.274006 1.868881 1.000000
3.389154 6.849902 1.976459 1.000000
3.398889 7.517364 2.103222 1.000000
3.410335 8.302191 2.254540 1.000000
-2.710499 6.918146 1.938462 1.000000
-2.719542 6.298133 1.820031 1.000000
-3.138285 5.591274 1.727733 1.000000
-3.403218 5.595138 1.756701 1.000000
-4.601086 5.612609 1.906055 1.000000
-5.704446 5.628701 2.064979 1.000000
-1.571062 0.699759 0.757430 1.000000
-1.572915 0.572686 0.748639 1.000000
-8.783583 1.950950 2.276462 1.000000
-8.788239 1.631708 2.264481 1.000000
-8.792842 1.316124 2.254903 1.000000
-8.797403 1.003378 2.247669 1.000000
-1.908341 0.049604 0.870001 1.000000
-1.907399 -0.018353 0.870001 1.000000
-1.587355 -0.417356 0.807258 1.000000
-1.589192 -0.543304 0.817080 1.000000
-1.590146 -0.608716 0.822964 1.000000
-6.013783 -5.367957 2.375491 1.000000
-5.610530 -5.373838 2.304268 1.000000
-3.393242 -5.406177 1.965947 1.000000
-3.396907 -5.859178 2.060946 1.000000
-3.404467 -6.377530 2.172242 1.000000
-3.413120 -6.970873 2.301961 1.000000
-3.423150 -7.658555 2.454815 1.000000
3.573014 -7.972624 2.531987 1.000000
3.582960 -7.290649 2.381949 1.000000
3.599222 -6.175636 2.143026 1.000000
3.605986 -5.711917 2.046681 1.000000
5.385760 -5.534216 2.279782 1.000000
8.544778 -3.087884 2.606133 1.000000
8.563542 -1.801334 2.522734 1.000000
8.568041 -1.492860 2.509185 1.000000
8.603111 0.911748 2.495023 1.000000
8.607543 1.215583 2.504867 1.000000
8.612021 1.522655 2.517402 1.000000
8.616559 1.833780 2.532707 1.000000
8.621168 2.149812 2.550880 1.000000
8.625862 2.471659 2.572039 1.000000
8.630655 2.800290 2.596327 1.000000
3.301611 5.647545 1.977144 1.000000
3.380755 6.274006 2.119985 1.000000
3.389154 6.849902 2.245890 1.000000
3.398889 7.517364 2.394250 1.000000
3.410335 8.302191 2.571348 1.000000
-2.710499 6.918147 2.201420 1.000000
-2.719542 6.298133 2.062813 1.000000
-3.138285 5.591274 1.954790 1.000000
-3.403218 5.595138 1.988693 1.000000
-4.601086 5.612609 2.163492 1.000000
-5.704446 5.628701 2.349492 1.000000
-1.569104 0.833982 0.832175 1.000000
-1.570098 0.765858 0.825316 1.000000
-1.571062 0.699759 0.819177 1.000000
-1.572915 0.572686 0.808888 1.000000
-1.903111 0.185410 0.870001 1.000000
-6.013783 -5.367957 2.668581 1.000000
-5.610530 -5.373838 2.586819 1.000000
-3.393242 -5.406177 2.198430 1.000000
-3.396907 -5.859178 2.307488 1.000000
-3.404467 -6.377530 2.435253 1.000000
-3.413120 -6.970873 2.584170 1.000000
-3.423150 -7.658555 2.759645 1.000000
3.573014 -7.972624 2.848238 1.000000
3.582960 -7.290649 2.675995 1.000000
3.599222 -6.175636 2.401714 1.000000
3.605986 -5.711917 2.291111 1.000000
5.385760 -5.534216 2.558708 1.000000
8.549611 -2.756483 2.904099 1.000000
8.563542 -1.801334 2.837615 1.000000
8.572488 -1.187920 2.809626 1.000000
8.576896 -0.885723 2.800234 1.000000
8.603111 0.911748 2.805802 1.000000
8.607543 1.215583 2.817103 1.000000
8.612021 1.522655 2.831493 1.000000
8.616559 1.833780 2.849063 1.000000
8.621168 2.149812 2.869926 1.000000
8.625862 2.471659 2.894217 1.000000
8.630655 2.800290 2.922099 1.000000
3.301611 5.647545 2.211283 1.000000
3.380755 6.274006 2.375264 1.000000
3.389154 6.849902 2.519801 1.000000
3.398889 7.517364 2.690117 1.000000
3.410335 8.302191 2.893423 1.000000
-2.710499 6.918147 2.468750 1.000000
-2.719542 6.298133 2.309630 1.000000
-2.608314 5.519682 2.098623 1.000000
-3.138285 5.591274 2.185621 1.000000
-3.403218 5.595138 2.224542 1.000000
-4.601086 5.612609 2.425209 1.000000
-5.704446 5.628701 2.638736 1.000000
-1.580561 0.048429 0.908078 1.000000
-1.581386 -0.008139 0.908588 1.000000
-1.583047 -0.121959 0.911501 1.000000
-1.584734 -0.237646 0.917006 1.000000
-1.586466 -0.356409 0.925240 1.000000
-1.587355 -0.417356 0.930444 1.000000
-1.589192 -0.543304 0.943201 1.000000
-1.590146 -0.608716 0.950843 1.000000
-6.013783 -5.367957 2.967273 1.000000
-5.610530 -5.373838 2.874768 1.000000
-3.393242 -5.406177 2.435355 1.000000
-3.396907 -5.859178 2.558741 1.000000
-3.404467 -6.377530 2.703291 1.000000
-3.413120 -6.970873 2.871772 1.000000
-3.423150 -7.658555 3.070299 1.000000
3.573014 -7.972624 3.170531 1.000000
3.582960 -7.290649 2.975660 1.000000
3.591611 -6.697479 2.809106 1.000000
3.599222 -6.175636 2.665346 1.000000
3.605986 -5.711917 2.540212 1.000000
5.385760 -5.534216 2.842965 1.000000
8.554340 -2.432244 3.204770 1.000000
8.563542 -1.801334 3.158512 1.000000
8.581274 -0.585503 3.108972 1.000000
8.585635 -0.286515 3.105053 1.000000
8.589988 0.011973 3.104443 1.000000
8.594345 0.310692 3.107136 1.000000
8.598716 0.610370 3.113150 1.000000
8.603111 0.911748 3.122521 1.000000
8.607543 1.215583 3.135306 1.000000
8.612021 1.522655 3.151587 1.000000
8.616559 1.833780 3.171465 1.000000
8.621168 2.149812 3.195068 1.000000
8.625862 2.471659 3.222550 1.000000
8.630655 2.800290 3.254095 1.000000
3.373417 5.770894 2.495120 1.000000
3.380755 6.274006 2.635420 1.000000
3.389154 6.849902 2.798947 1.000000
3.398889 7.517364 2.991637 1.000000
3.410335 8.302191 3.221653 1.000000
-2.710499 6.918147 2.741188 1.000000
-2.719542 6.298133 2.561164 1.000000
-3.138285 5.591274 2.420864 1.000000
-3.403218 5.595138 2.464898 1.000000
-4.601086 5.612609 2.691927 1.000000
-5.704446 5.628701 2.933506 1.000000
-1.569104 0.833982 0.962806 1.000000
-1.570098 0.765858 0.953897 1.000000
-1.571062 0.699759 0.945924 1.000000
-1.572915 0.572686 0.932561 1.000000
-1.574689 0.451053 0.922339 1.000000
-1.575553 0.391811 0.918317 1.000000
-1.577248 0.275650 0.912321 1.000000
-1.578911 0.161572 0.908936 1.000000
-1.588262 -0.479589 1.000648 1.000000
-1.589192 -0.543304 1.008237 1.000000
-1.590146 -0.608716 1.016785 1.000000
-6.013783 -5.367957 3.272429 1.000000
-5.610530 -5.373838 3.168951 1.000000
-3.393242 -5.406177 2.677409 1.000000
-3.396907 -5.859178 2.815432 1.000000
-3.404467 -6.377530 2.977131 1.000000
-3.413120 -6.970873 3.165599 1.000000
-3.423150 -7.658555 3.387678 1.000000
3.573014 -7.972624 3.499801 1.000000
3.582960 -7.290649 3.281812 1.000000
3.599222 -6.175636 2.934684 1.000000
3.605986 -5.711917 2.794705 1.000000
5.385760 -5.534216 3.133374 1.000000
8.544778 -3.087884 3.607526 1.000000
8.558979 -2.114171 3.510115 1.000000
8.563542 -1.801334 3.486356 1.000000
8.603111 0.911748 3.446095 1.000000
8.607543 1.215583 3.460397 1.000000
8.612021 1.522655 3.478609 1.000000
8.616559 1.833780 3.500846 1.000000
8.621168 2.149812 3.527249 1.000000
8.625862 2.471659 3.557991 1.000000
8.630655 2.800290 3.593279 1.000000
3.373417 5.770894 2.744264 1.000000
3.380755 6.274006 2.901208 1.000000
3.389154 6.849902 3.084134 1.000000
3.398889 7.517364 3.299684 1.000000
3.410335 8.302191 3.556988 1.000000
-1.686254 5.417161 2.395637 1.000000
-2.710499 6.918147 3.019524 1.000000
-2.719542 6.298133 2.818143 1.000000
-3.138285 5.591274 2.661199 1.000000
-3.403218 5.595138 2.710457 1.000000
-4.601086 5.612609 2.964419 1.000000
-5.704446 5.628701 3.234657 1.000000
-1.569104 0.833982 1.030167 1.000000
-1.570098 0.765858 1.020201 1.000000
-1.571062 0.699759 1.011283 1.000000
-1.580561 0.048429 1.031291 1.000000
-1.581387 -0.008139 1.031923 1.000000
-1.583047 -0.121959 1.035536 1.000000
-1.584734 -0.237646 1.042362 1.000000
-1.586466 -0.356409 1.052574 1.000000
-6.013783 -5.367957 3.584985 1.000000
-5.610530 -5.373838 3.470266 1.000000
-3.393242 -5.406177 2.925331 1.000000
-3.396907 -5.859178 3.078347 1.000000
-3.404467 -6.377530 3.257610 1.000000
-3.413120 -6.970873 3.466550 1.000000
-3.423150 -7.658555 3.712753 1.000000
3.573014 -7.972624 3.837054 1.000000
3.582960 -7.290649 3.595386 1.000000
3.599222 -6.175636 3.210553 1.000000
3.605986 -5.711917 3.055369 1.000000
5.385760 -5.534216 3.430825 1.000000
8.563542 -1.801334 3.822149 1.000000
8.568041 -1.492860 3.800325 1.000000
8.603111 0.911748 3.777514 1.000000
8.607542 1.215583 3.793370 1.000000
8.612021 1.522655 3.813561 1.000000
8.616559 1.833780 3.838212 1.000000
8.621168 2.149812 3.867483 1.000000
3.373417 5.770894 2.999448 1.000000
3.380755 6.274006 3.173440 1.000000
3.389154 6.849902 3.376237 1.000000
3.398889 7.517364 3.615200 1.000000
3.410335 8.302191 3.900453 1.000000
-2.710499 6.918147 3.304608 1.000000
-2.719542 6.298133 3.081353 1.000000
-2.608314 5.519682 2.785295 1.000000
-3.138285 5.591274 2.907360 1.000000
-3.403218 5.595138 2.961969 1.000000
-4.601086 5.612609 3.243517 1.000000
-5.704446 5.628701 3.543109 1.000000
-1.572915 0.572686 1.061653 1.000000
-1.574689 0.451053 1.048977 1.000000
-1.575553 0.391811 1.043989 1.000000
-1.577248 0.275650 1.036552 1.000000
-1.578911 0.161572 1.032354 1.000000
-1.583886 -0.179496 1.103290 1.000000
-1.584734 -0.237646 1.107498 1.000000
-8.848079 -2.471199 4.389104 1.000000
-8.853039 -2.811302 4.433663 1.000000
-6.013783 -5.367957 3.905952 1.000000
-5.610530 -5.373838 3.779691 1.000000
-3.393242 -5.406177 3.179927 1.000000
-3.396907 -5.859178 3.348338 1.000000
-3.404467 -6.377530 3.545639 1.000000
-3.413120 -6.970873 3.775601 1.000000
-3.423150 -7.658555 4.046576 1.000000
3.573014 -7.972624 4.183384 1.000000
3.582960 -7.290649 3.917401 1.000000
3.599222 -6.175636 3.493846 1.000000
3.605986 -5.711917 3.323048 1.000000
5.385760 -5.534216 3.736282 1.000000
3.373417 5.770894 3.261501 1.000000
3.380755 6.274006 3.453000 1.000000
3.389154 6.849902 3.676201 1.000000
3.398889 7.517364 3.939208 1.000000
3.410335 8.302191 4.253162 1.000000
-2.710499 6.918147 3.597365 1.000000
-2.719542 6.298133 3.351647 1.000000
-2.727305 5.765885 3.144060 1.000000
-3.403218 5.595138 3.220250 1.000000
-4.601086 5.612609 3.530128 1.000000
-5.704446 5.628701 3.859863 1.000000
-8.769166 2.939440 4.404898 1.000000
-8.774060 2.603883 4.363987 1.000000
-8.778861 2.274707 4.328648 1.000000
-1.575553 0.391811 1.109288 1.000000
-1.577248 0.275650 1.101104 1.000000
-8.810953 0.074346 4.582533 1.000000
-8.815462 -0.234800 4.586695 1.000000
-8.819985 -0.544939 4.595990 1.000000
-8.833755 -1.489069 4.655396 1.000000
-8.838451 -1.811054 4.686118 1.000000
-8.853039 -2.811302 4.813826 1.000000
-6.013783 -5.367957 4.236441 1.000000
-5.610530 -5.373838 4.098295 1.000000
-3.393242 -5.406177 3.442074 1.000000
-3.396907 -5.859178 3.626338 1.000000
-3.404467 -6.377530 3.842211 1.000000
-3.413120 -6.970873 4.093820 1.000000
-3.423150 -7.658555 4.390301 1.000000
3.573014 -7.972624 4.539987 1.000000
3.582960 -7.290649 4.248967 1.000000
3.591611 -6.697479 4.000235 1.000000
3.599222 -6.175636 3.785543 1.000000
3.605986 -5.711917 3.598667 1.000000
5.385760 -5.534216 4.050799 1.000000
3.373417 5.770894 3.531326 1.000000
3.380755 6.274005 3.740851 1.000000
3.389154 6.849902 3.985062 1.000000
3.398889 7.517364 4.272826 1.000000
3.410335 8.302191 4.616333 1.000000
-2.719542 6.298134 3.629958 1.000000
-2.727305 5.765885 3.402831 1.000000
-3.403218 5.595138 3.486193 1.000000
-4.601086 5.612609 3.825240 1.000000
-8.769166 2.939440 4.782352 1.000000
-8.774060 2.603883 4.737591 1.000000
-8.778861 2.274707 4.698925 1.000000
-8.783583 1.950950 4.666099 1.000000
-8.788239 1.631708 4.638901 1.000000
-8.792842 1.316124 4.617159 1.000000
-8.797403 1.003378 4.600737 1.000000
-8.801935 0.692679 4.589532 1.000000
-8.806447 0.383254 4.583476 1.000000
-8.824534 -0.856837 4.984927 1.000000
-8.833755 -1.489069 5.033840 1.000000
-8.853039 -2.811302 5.206344 1.000000
-5.610530 -5.373838 4.427253 1.000000
-3.393242 -5.406177 3.712741 1.000000
-3.396907 -5.859178 3.913374 1.000000
-3.404467 -6.377530 4.148421 1.000000
-3.413121 -6.970873 4.422381 1.000000
3.573014 -7.972624 4.908180 1.000000
3.582960 -7.290649 4.591309 1.000000
3.591611 -6.697479 4.320483 1.000000
3.599222 -6.175636 4.086720 1.000000
3.605986 -5.711917 3.883244 1.000000
5.385760 -5.534216 4.375538 1.000000
3.373417 5.770894 3.809922 1.000000
3.380755 6.274005 4.038059 1.000000
3.389154 6.849902 4.303962 1.000000
3.398889 7.517364 4.617288 1.000000
-2.727305 5.765885 3.670012 1.000000
-3.403218 5.595138 3.760780 1.000000
-8.769166 2.939440 5.172074 1.000000
-8.774060 2.603883 5.123337 1.000000
-8.778861 2.274707 5.081236 1.000000
-8.783583 1.950950 5.045494 1.000000
-8.788239 1.631708 5.015881 1.000000
-8.792842 1.316124 4.992207 1.000000
-8.797403 1.003378 4.974326 1.000000
-8.829120 -1.171277 5.395985 1.000000
-8.833755 -1.489069 5.425697 1.000000
-3.393242 -5.406177 3.993001 1.000000
-3.396907 -5.859178 4.210581 1.000000
-3.404467 -6.377530 4.465484 1.000000
3.573014 -7.972624 5.289422 1.000000
3.582960 -7.290649 4.945783 1.000000
3.591611 -6.697479 4.652079 1.000000
3.599222 -6.175636 4.398570 1.000000
3.605986 -5.711917 4.177906 1.000000
5.385760 -5.534216 4.711786 1.000000
3.373417 5.770894 4.098390 1.000000
3.380755 6.274005 4.345798 1.000000
3.389154 6.849902 4.634164 1.000000
-8.778861 2.274707 5.477096 1.000000
-8.783583 1.950950 5.438335 1.000000
-8.788239 1.631708 5.406220 1.000000
-8.792842 1.316124 5.380547 1.000000
-8.797403 1.003378 5.361155 1.000000
-3.393242 -5.406177 4.284047 1.000000
3.573014 -7.972624 5.685337 1.000000
3.582960 -7.290649 5.313901 1.000000
3.599222 -6.175636 4.722423 1.000000
3.605985 -5.711917 4.483910 1.000000
5.385760 -5.534216 5.060976 1.000000
3.373417 5.770894 4.397962 1.000000
3.380755 6.274005 4.665383 1.000000
3.582960 -7.290649 5.697358 1.000000
3.591611 -6.697479 5.355148 1.000000
3.599222 -6.175636 5.059771 1.000000
3.605985 -5.711917 4.802664 1.000000
5.385760 -5.534216 5.424715 1.000000
3.373417 5.770894 4.710016 1.000000
3.591611 -6.697479 5.729995 1.000000
3.599222 -6.175636 5.412296 1.000000
3.605985 -5.711917 5.135759 1.000000
5.385760 -5.534216 5.804820 1.000000
-1.401026 0.200879 -0.109999 1.000000
1.600930 2.025961 0.059353 1.000000
2.600547 0.672576 0.134493 1.000000
2.000305 -2.307658 0.196538 1.000000
-8.799562 0.693928 0.120413 1.000000
8.565981 -1.799621 0.419549 1.000000
-8.799562 0.693928 0.419951 1.000000
3.601779 -6.174059 0.657337 1.000000
8.565981 -1.799621 0.714323 1.000000
4.301158 5.456865 0.647182 1.000000
3.401079 7.518946 0.695041 1.000000
-3.678030 5.600565 0.639795 1.000000
-8.799562 0.693928 0.719545 1.000000
3.601779 -6.174059 0.900107 1.000000
8.601091 0.612085 0.999735 1.000000
4.301158 5.456865 0.880554 1.000000
3.401079 7.518946 0.972701 1.000000
-3.678030 5.600565 0.866330 1.000000
-8.799562 0.693928 1.019882 1.000000
3.601779 -6.174059 1.144037 1.000000
8.601091 0.612085 1.291777 1.000000
4.301158 5.456865 1.115041 1.000000
3.401079 7.518946 1.251688 1.000000
-3.678030 5.600565 1.093948 1.000000
-8.799562 0.693928 1.321654 1.000000
3.601779 -6.174059 1.389696 1.000000
8.565981 -1.799621 1.605764 1.000000
8.601091 0.612085 1.585890 1.000000
4.301158 5.456865 1.351191 1.000000
3.401079 7.518946 1.532653 1.000000
-3.678030 5.600565 1.323180 1.000000
-8.799562 0.693928 1.625565 1.000000
3.601779 -6.174059 1.637671 1.000000
8.565981 -1.799621 1.907604 1.000000
8.601091 0.612085 1.882775 1.000000
4.301158 5.456865 1.589566 1.000000
3.401079 7.518946 1.816266 1.000000
-3.678030 5.600565 1.554572 1.000000
-8.799562 0.693928 1.932341 1.000000
3.601779 -6.174059 1.888569 1.000000
8.601091 0.612085 2.183160 1.000000
4.301158 5.456865 1.830752 1.000000
3.401079 7.518946 2.103223 1.000000
-3.678030 5.600565 1.788693 1.000000
-8.799562 0.693928 2.242734 1.000000
3.601779 -6.174059 2.143027 1.000000
8.601091 0.612085 2.487808 1.000000
3.401079 7.518946 2.394251 1.000000
-3.678030 5.600565 2.026135 1.000000
3.601779 -6.174059 2.401716 1.000000
8.601091 0.612085 2.797520 1.000000
3.401079 7.518946 2.690118 1.000000
-3.678030 5.600565 2.267525 1.000000
3.601779 -6.174059 2.665347 1.000000
8.601091 0.612085 3.113150 1.000000
3.401079 7.518946 2.991639 1.000000
-3.678030 5.600565 2.513527 1.000000
3.601779 -6.174059 2.934686 1.000000
8.601091 0.612085 3.435613 1.000000
3.401079 7.518946 3.299686 1.000000
-3.678030 5.600565 2.764855 1.000000
3.601779 -6.174059 3.210555 1.000000
8.601091 0.612085 3.765893 1.000000
3.401079 7.518946 3.615202 1.000000
-3.678030 5.600565 3.022276 1.000000
3.601779 -6.174059 3.493848 1.000000
3.401079 7.518946 3.939210 1.000000
-3.678030 5.600565 3.286626 1.000000
3.601779 -6.174059 3.785545 1.000000
3.401079 7.518946 4.272830 1.000000
-3.678030 5.600565 3.558817 1.000000
-8.799562 0.693928 4.589531 1.000000
3.601779 -6.174059 4.086722 1.000000
3.401079 7.518946 4.617292 1.000000
-3.678030 5.600565 3.839854 1.000000
-8.799562 0.693928 4.962125 1.000000
3.601779 -6.174059 4.398573 1.000000
-8.799562 0.693928 5.347924 1.000000
3.601779 -6.174059 4.722426 1.000000
3.601779 -6.174059 5.059774 1.000000
3.601779 -6.174059 5.412299 1.000000
3.900005 -4.930770 -0.013207 1.000000
-7.743649 -0.199948 -0.109999 1.000000
1.287381 -0.680707 -0.000004 1.000000
-2.971523 0.055134 -0.110084 1.000000
1.693670 1.521711 0.100042 1.000000
-0.810838 4.979486 -0.100040 1.000000
-5.009616 -4.798927 -0.058745 1.000000
-5.009623 -4.798932 0.178216 1.000000
-5.009629 -4.798937 0.414682 1.000000
-3.658384 -5.399179 0.635967 1.000000
-3.658388 -5.399184 0.858968 1.000000
3.599784 -6.169225 0.899779 1.000000
-3.658393 -5.399189 1.083036 1.000000
-3.658397 -5.399193 1.308692 1.000000
-3.658401 -5.399198 1.536476 1.000000
-3.658406 -5.399203 1.766946 1.000000
-3.658410 -5.399208 2.000686 1.000000
-2.705658 6.913318 2.199678 1.000000
-3.658415 -5.399213 2.238313 1.000000
-3.658419 -5.399218 2.480481 1.000000
7.301549 2.658068 2.839887 1.000000
3.394178 6.857700 2.800962 1.000000
-3.658424 -5.399223 2.727891 1.000000
3.404149 7.526324 3.302352 1.000000
-3.658429 -5.399229 2.981301 1.000000
3.378040 5.777010 3.001278 1.000000
-3.658434 -5.399234 3.241531 1.000000
-3.658439 -5.399240 3.509482 1.000000
5.691463 5.462388 4.099032 1.000000
-3.658444 -5.399246 3.786141 1.000000
-3.658449 -5.399252 4.072606 1.000000
3.378015 5.776976 4.100968 1.000000
-3.658455 -5.399258 4.370097 1.000000
3.378008 5.776967 4.400741 1.000000
3.606613 -5.706006 4.799778 1.000000
-0.118991 -1.100961 -0.095930 1.000000
-0.128060 1.298818 -0.095927 1.000000
-1.203001 -1.000425 -0.109749 1.000000
-1.003374 -1.201373 -0.109782 1.000000
0.103666 -1.801753 -0.109967 1.000000
-1.595725 0.846647 -0.105811 1.000000
1.100467 -1.800821 -0.110133 1.000000
0.460714 1.967667 -0.074283 1.000000
1.500575 -1.834536 -0.085895 1.000000
1.017092 1.712395 0.003139 1.000000
1.428528 -2.024445 -0.021710 1.000000
0.665769 2.498578 -0.030059 1.000000
2.199402 -2.204302 -0.019166 1.000000
2.380304 -1.795727 -0.000466 1.000000
1.565619 1.605480 0.104498 1.000000
1.031762 2.726229 0.014130 1.000000
1.584559 2.914852 0.072594 1.000000
1.942199 -2.403315 0.194323 1.000000
7.045995 -3.400656 -0.111127 1.000000
8.603531 2.792504 0.116113 1.000000
-2.906245 2.198142 0.281895 1.000000
3.602137 -0.727088 0.405071 1.000000
3.603999 -0.598394 0.405006 1.000000
8.603581 2.792515 0.419897 1.000000
3.602158 -0.727091 0.528059 1.000000
3.604020 -0.598396 0.527213 1.000000
8.603632 2.792527 0.723741 1.000000
3.381713 8.227524 0.718529 1.000000
-6.126979 5.631479 0.700195 1.000000
8.603683 2.792539 1.028341 1.000000
3.381765 8.227615 1.018077 1.000000
-8.824079 0.999635 1.024272 1.000000
3.548604 -7.893546 1.301461 1.000000
8.585310 1.519511 1.300644 1.000000
8.603735 2.792551 1.334399 1.000000
4.025755 5.484584 1.099834 1.000000
3.381816 8.227706 1.319063 1.000000
-8.824029 0.999631 1.327954 1.000000
-3.416961 -5.462834 1.297693 1.000000
8.603786 2.792562 1.642628 1.000000
3.381868 8.227797 1.622189 1.000000
-8.823978 0.999627 1.633786 1.000000
3.558445 -7.219040 1.793484 1.000000
8.603838 2.792574 1.953767 1.000000
3.370634 7.449251 1.803251 1.000000
3.381920 8.227890 1.928180 1.000000
-2.745800 6.360000 1.593245 1.000000
-6.585311 5.638113 1.900198 1.000000
-8.823926 0.999623 1.942499 1.000000
3.548751 -7.893782 2.202690 1.000000
8.585460 1.519529 2.201268 1.000000
8.603891 2.792586 2.268576 1.000000
3.381973 8.227984 2.237786 1.000000
-8.823874 0.999619 2.254849 1.000000
8.603944 2.792599 2.587855 1.000000
3.382027 8.228079 2.551791 1.000000
3.574504 -6.115909 2.382148 1.000000
8.603999 2.792611 2.912444 1.000000
3.361174 6.787387 2.500287 1.000000
3.382082 8.228176 2.871025 1.000000
-3.439656 -7.049868 2.898326 1.000000
-3.449687 -7.745529 3.099194 1.000000
8.604054 2.792624 3.243239 1.000000
3.382138 8.228274 3.196366 1.000000
-3.416723 -5.462563 2.699409 1.000000
-3.439605 -7.049794 3.195254 1.000000
8.604111 2.792637 3.581198 1.000000
3.352975 6.216338 2.878061 1.000000
3.382195 8.228375 3.528758 1.000000
-3.439553 -7.049718 3.499375 1.000000
3.549012 -7.894200 3.803037 1.000000
3.574635 -6.116071 3.183241 1.000000
8.585728 1.519562 3.800464 1.000000
3.382253 8.228478 3.869217 1.000000
-1.596529 0.777102 1.102083 1.000000
-1.607116 0.045290 1.109567 1.000000
-1.607951 -0.012423 1.110288 1.000000
3.558786 -7.219539 3.882889 1.000000
3.370993 7.449827 3.907261 1.000000
3.382313 8.228584 4.218849 1.000000
-2.736413 6.985288 3.630581 1.000000
-2.745508 6.359533 3.382640 1.000000
-8.823541 0.999593 4.253243 1.000000
-1.606282 0.102958 1.109717 1.000000
3.382374 8.228693 4.578861 1.000000
-8.823481 0.999589 4.616361 1.000000
-3.430753 -6.449400 4.188109 1.000000
3.345910 5.717642 3.778321 1.000000
-8.804942 2.275366 5.098270 1.000000
-8.823418 0.999584 4.991278 1.000000
-8.818809 1.313434 5.398859 1.000000
-8.823353 0.999579 5.379477 1.000000
3.559013 -7.219870 5.265995 1.000000
3.574881 -6.116375 4.680748 1.000000
3.346061 5.717829 4.670268 1.000000
3.574993 -6.116513 5.364115 1.000000
3.343658 5.712406 3.499392 1.000000
3.557281 -7.212808 4.897455 1.000000
-1.539358 0.100834 -0.097999 1.000000
7.290898 2.652887 -0.104314 1.000000
-5.100233 5.040679 -0.070240 1.000000
7.290898 2.652887 0.156453 1.000000
-5.100233 5.040679 0.172732 1.000000
7.290898 2.652887 0.416675 1.000000
-5.100233 5.040679 0.415196 1.000000
6.221001 -5.552554 0.700020 1.000000
7.290898 2.652887 0.676946 1.000000
6.996162 5.436937 0.717136 1.000000
7.290898 2.652887 0.937862 1.000000
6.996162 5.436937 1.015244 1.000000
7.290898 2.652887 1.200025 1.000000
6.996162 5.436937 1.314776 1.000000
6.679991 -5.559529 1.600139 1.000000
7.290898 2.652887 1.464046 1.000000
6.996162 5.436937 1.616431 1.000000
-6.590078 5.643385 1.600670 1.000000
6.679991 -5.559529 1.900576 1.000000
7.290898 2.652887 1.730556 1.000000
6.996162 5.436937 1.920930 1.000000
-3.930227 -5.398302 1.799405 1.000000
7.290898 2.652887 2.000208 1.000000
6.996162 5.436937 2.229020 1.000000
-3.648921 -5.402577 1.999988 1.000000
7.288903 2.652167 2.273168 1.000000
6.996162 5.436937 2.541480 1.000000
7.288903 2.652167 2.551116 1.000000
6.996162 5.436937 2.859135 1.000000
7.288903 2.652167 2.834375 1.000000
6.996162 5.436937 3.182860 1.000000
6.996162 5.436937 3.513592 1.000000
6.996162 5.436937 3.852343 1.000000
-6.900268 -5.353171 4.198537 1.000000
6.996162 5.436937 4.200212 1.000000
6.679991 -5.559529 4.502864 1.000000
6.996162 5.436937 4.558400 1.000000
4.148922 4.899982 0.198005 1.000000
4.148922 4.899982 0.412899 1.000000
1.863806 -2.301003 0.101943 1.000000
1.586819 2.311786 0.123705 1.000000
1.592742 2.702965 0.090643 1.000000
3.287048 5.617755 0.631213 1.000000
8.586432 0.913096 1.000333 1.000000
3.287044 5.617753 0.849767 1.000000
3.287039 5.617751 1.069365 1.000000
3.552449 -7.899318 1.600019 1.000000
3.287035 5.617749 1.290519 1.000000
3.552443 -7.899315 1.900413 1.000000
8.595641 1.522522 1.900072 1.000000
3.287031 5.617746 1.513758 1.000000
3.287027 5.617744 1.739629 1.000000
3.287022 5.617742 1.968705 1.000000
3.287018 5.617740 2.201588 1.000000
-1.599241 0.455957 0.869975 1.000000
3.397117 8.267213 3.209619 1.000000
8.600311 1.832930 3.493154 1.000000
3.385246 7.483573 3.600553 1.000000
-2.732902 6.330334 3.096695 1.000000
-1.585807 0.842266 1.109072 1.000000
-1.597868 0.045628 1.105581 1.000000
-1.598737 -0.011774 1.106318 1.000000
-8.799955 1.948118 4.308083 1.000000
-1.596130 0.160424 1.106710 1.000000
3.552394 -7.899283 4.502321 1.000000
-8.795051 2.272573 4.709154 1.000000
3.375149 6.817475 4.285212 1.000000
1.160800 -0.599668 -0.104427 1.000000
-1.406437 0.003580 -0.110033 1.000000
-0.062072 -1.396962 -0.110008 1.000000
0.047752 1.500580 -0.110006 1.000000
-1.371691 0.103525 -0.098032 1.000000
1.084661 -1.198531 -0.109987 1.000000
1.285639 -0.998766 -0.109983 1.000000
-1.095575 -1.399061 -0.110027 1.000000
-1.743475 0.501070 -0.110039 1.000000
0.871074 -2.016294 -0.055853 1.000000
-2.111603 1.302669 -0.110046 1.000000
-1.560479 -2.499979 -0.110036 1.000000
-1.190017 -2.698429 -0.110029 1.000000
0.661020 -2.898782 -0.109995 1.000000
-3.694873 -0.597804 -0.110075 1.000000
1.405767 -1.982898 0.069383 1.000000
-0.991590 3.700430 -0.110026 1.000000
-2.068915 3.201776 -0.110045 1.000000
-2.502165 2.198845 -0.048460 1.000000
-2.502167 2.198843 0.065600 1.000000
-4.665790 -4.797680 -0.043381 1.000000
-1.940263 5.002097 0.049031 1.000000
-2.145166 5.005206 0.043682 1.000000
-2.502169 2.198841 0.178900 1.000000
-5.044980 0.600026 0.062956 1.000000
-4.665799 -4.797680 0.185467 1.000000
-1.940270 5.002097 0.229672 1.000000
-2.145173 5.005206 0.227112 1.000000
-5.044984 0.600025 0.236260 1.000000
-4.665808 -4.797680 0.413835 1.000000
-1.940277 5.002097 0.409935 1.000000
-2.145181 5.005206 0.410159 1.000000
-5.044987 0.600025 0.409202 1.000000
-3.404879 -5.881847 0.646063 1.000000
-3.139161 5.600355 0.629119 1.000000
-3.404474 5.604380 0.634214 1.000000
-5.044991 0.600025 0.582176 1.000000
-3.404883 -5.881839 0.878524 1.000000
-3.139170 5.600355 0.845892 1.000000
-3.404483 5.604380 0.855712 1.000000
-3.404887 -5.881830 1.112095 1.000000
-3.139178 5.600355 1.063701 1.000000
-3.404491 5.604381 1.078268 1.000000
-3.404892 -5.881821 1.347321 1.000000
-3.139187 5.600355 1.283054 1.000000
-3.404500 5.604381 1.302401 1.000000
-3.404896 -5.881812 1.584764 1.000000
-3.139196 5.600355 1.504475 1.000000
-3.404509 5.604381 1.528648 1.000000
-3.404900 -5.881802 1.825005 1.000000
3.598995 -5.678209 1.800434 1.000000
-3.139205 5.600355 1.728507 1.000000
-3.404519 5.604381 1.757562 1.000000
-3.651648 -5.393136 1.999746 1.000000
-3.404904 -5.881793 2.068654 1.000000
-3.139214 5.600355 1.955717 1.000000
-3.404528 5.604381 1.989725 1.000000
-7.980370 -5.327454 3.099712 1.000000
-3.397914 -5.420951 2.204897 1.000000
-3.404909 -5.881784 2.316354 1.000000
-3.421904 -7.001512 2.595208 1.000000
8.599711 0.923449 2.804054 1.000000
-3.139223 5.600355 2.186704 1.000000
-3.404537 5.604381 2.225746 1.000000
-3.404913 -5.881774 2.568785 1.000000
-3.139233 5.600355 2.422106 1.000000
-3.404547 5.604381 2.466278 1.000000
-3.404918 -5.881764 2.826680 1.000000
-3.412841 -6.403749 2.989618 1.000000
-3.432435 -7.694576 3.403542 1.000000
8.553838 -2.098968 3.506444 1.000000
3.399299 7.527589 3.300176 1.000000
-3.139242 5.600355 2.662603 1.000000
-3.404557 5.604381 2.712017 1.000000
-3.404923 -5.881754 3.090828 1.000000
-3.139252 5.600356 2.908931 1.000000
-3.404567 5.604381 2.963713 1.000000
-8.838925 -1.489022 4.293160 1.000000
-3.404927 -5.881744 3.362083 1.000000
-3.421925 -7.001458 3.792695 1.000000
3.598967 -5.678260 3.310858 1.000000
-3.139262 5.600356 3.161888 1.000000
-3.404577 5.604381 3.222184 1.000000
-3.404932 -5.881733 3.641384 1.000000
-3.432453 -7.694526 4.411500 1.000000
-3.139273 5.600356 3.422350 1.000000
-3.404588 5.604381 3.488322 1.000000
-3.404937 -5.881722 3.929761 1.000000
3.564868 -7.923648 4.886037 1.000000
-3.139283 5.600356 3.691276 1.000000
-3.404599 5.604382 3.763110 1.000000
-3.397946 -5.420888 4.005997 1.000000
-3.404943 -5.881711 4.228357 1.000000
-3.412868 -6.403687 4.485208 1.000000
3.598933 -5.678321 5.115985 1.000000
0.089764 -1.399989 -0.109999 1.000000
3.600004 -5.679873 0.641902 1.000000
3.600004 -5.679873 0.870388 1.000000
3.600004 -5.679873 1.099966 1.000000
3.600004 -5.679873 1.331171 1.000000
3.600004 -5.679873 1.564556 1.000000
3.600004 -5.679873 1.800692 1.000000
3.600004 -5.679873 2.040179 1.000000
3.600004 -5.679873 2.283647 1.000000
3.600004 -5.679873 2.531767 1.000000
3.600004 -5.679873 2.785259 1.000000
3.600004 -5.679873 3.044896 1.000000
3.600004 -5.679873 3.311522 1.000000
-3.420856 -6.999221 4.111568 1.000000
3.600004 -5.679873 3.586056 1.000000
3.600004 -5.679873 3.869513 1.000000
3.600004 -5.679873 4.163015 1.000000
3.600004 -5.679873 4.467814 1.000000
3.600004 -5.679873 4.785313 1.000000
3.600004 -5.679873 5.117097 1.000000
-0.002785 1.500143 -0.109999 1.000000
1.034301 1.900027 -0.029999 1.000000
1.079265 -3.599982 -0.109999 1.000000
3.465459 0.400003 0.288468 1.000000
3.598967 -5.685724 1.100193 1.000000
3.600551 -5.683298 1.100192 1.000000
